N,seed,qaoa_seed,data_source,source_run_id,status,num_subqubos,tempo_total_ms,tempo_qaoa_ms,tempo_overhead_ms,baseline_method,baseline_certified,baseline_energy,pipeline_energy,is_optimal,gap_relativo,load_imbalance,annealing_restarts_stable,annealing_restart_energy_std
10,0,10000,reused,sweep_20260705_142459_e5a8c292,success,3,6069.651809998504,6063.163082999381,6.488726999123173,bruteforce,True,-65.15308304901194,-65.1453343446866,False,0.00011893073915639577,0.12455437497632715,,
10,1,10001,reused,sweep_20260705_142459_e5a8c292,success,3,6151.42650099915,6145.464668000386,5.961832998764294,bruteforce,True,-63.02695672181468,-63.026631619977486,False,5.15813953426585e-06,0.02616870260423143,,
10,2,10002,reused,sweep_20260705_142459_e5a8c292,success,3,6245.571254999959,6239.281469000161,6.289785999797459,bruteforce,True,-57.881862088926326,-57.88175257198873,False,1.892076958933804e-06,0.014912754299948094,,
10,3,10003,reused,sweep_20260705_142459_e5a8c292,success,3,6166.561762998754,6160.2924270000585,6.269335998695169,bruteforce,True,-56.919904697690875,-56.91939259342841,False,8.99692761578117e-06,0.03220160169498154,,
10,4,10004,reused,sweep_20260705_142459_e5a8c292,success,3,5888.058690996331,5881.9163669986665,6.142323997664789,bruteforce,True,-67.33021701541715,-67.32848895407203,False,2.5665465250519987e-05,0.05881172210938157,,
10,5,10005,reused,sweep_20260705_142459_e5a8c292,success,3,5997.524255000826,5991.071630000079,6.452625000747503,bruteforce,True,-59.47453237084508,-59.472452743462114,False,3.4966687421796403e-05,0.06450006033669187,,
10,6,10006,reused,sweep_20260705_142459_e5a8c292,success,3,5947.147990998019,5940.990445998068,6.157544999950915,bruteforce,True,-62.76325917142821,-62.75327074424021,False,0.00015914449504154625,0.14135441682428107,,
10,7,10007,reused,sweep_20260705_142459_e5a8c292,success,3,6057.535650002137,6051.5867060003075,5.948944001829659,bruteforce,True,-66.75289455888883,-66.73224521223284,False,0.00030934009367593194,0.20326207519045525,,
10,8,10008,reused,sweep_20260705_142459_e5a8c292,success,3,5862.204205998751,5855.777160000798,6.4270459979525185,bruteforce,True,-62.898323821665976,-62.88725320128487,False,0.0001760081939940577,0.14879959196421888,,
10,9,10009,reused,sweep_20260705_142459_e5a8c292,success,3,6109.514271996886,6103.105375000268,6.408896996617841,bruteforce,True,-70.55461541158232,-70.54150894144304,False,0.00018576346937504215,0.16278682424346425,,
10,10,10010,reused,sweep_20260705_142459_e5a8c292,success,3,6020.803940000405,6014.246732999709,6.557207000696508,bruteforce,True,-66.26412277971937,-66.26399748052548,False,1.890905495171973e-06,0.015854259706392426,,
10,11,10011,reused,sweep_20260705_142459_e5a8c292,success,3,6280.693517000145,6274.359330998777,6.334186001367925,bruteforce,True,-58.42378334020227,-58.423764549756115,False,3.2162323425847377e-07,0.00636976367359976,,
10,12,10012,reused,sweep_20260705_142459_e5a8c292,success,3,6027.705648002666,6021.5484330001345,6.157215002531302,bruteforce,True,-60.98203665596159,-60.98016720301797,False,3.065579711891134e-05,0.06116756091338438,,
10,13,10013,reused,sweep_20260705_142459_e5a8c292,success,3,6062.13009899966,6056.034485000055,6.095613999605121,bruteforce,True,-70.02042082430373,-69.9965453994259,False,0.00034097802607810373,0.22096410588042792,,
10,14,10014,reused,sweep_20260705_142459_e5a8c292,success,3,5955.556755999169,5949.613861999751,5.94289399941772,bruteforce,True,-70.88339508508406,-70.8797251101841,False,5.177481828513686e-05,0.08575956377970817,,
10,15,10015,reused,sweep_20260705_142459_e5a8c292,success,3,6038.129600998218,6031.643344998884,6.486255999334389,bruteforce,True,-63.06996901186012,-63.06653878940893,False,5.4387571532517154e-05,0.08285181159722299,,
10,16,10016,reused,sweep_20260705_142459_e5a8c292,success,3,5966.114500000003,5959.348152001439,6.766347998564015,bruteforce,True,-60.85018221805859,-60.850080738114116,False,1.6677015709240061e-06,0.01984683387576336,,
10,17,10017,reused,sweep_20260705_142459_e5a8c292,success,3,5886.761855999794,5880.7332220003445,6.0286339994490845,bruteforce,True,-59.347716145516806,-59.34366835479657,False,6.820465863102369e-05,0.08997627912562933,,
10,18,10018,reused,sweep_20260705_142459_e5a8c292,success,3,5960.525995002172,5954.422691000218,6.103304001953802,bruteforce,True,-61.6785681743922,-61.678414471487756,False,2.491998582178551e-06,0.017535996386161656,,
10,19,10019,reused,sweep_20260705_142459_e5a8c292,success,3,6120.497795000119,6113.903309000307,6.594485999812605,bruteforce,True,-63.81574763674902,-63.804563235941686,False,0.00017526082858107831,0.14988301140468385,,
15,0,10000,reused,sweep_20260705_142459_e5a8c292,success,4,8970.888709000974,8788.617000001068,182.27170899990597,bruteforce,True,-106.55628873054636,-106.55102156628598,False,4.943081561045557e-05,0.1026368994580027,,
15,1,10001,reused,sweep_20260705_142459_e5a8c292,success,4,9101.770622998629,8916.393089998564,185.37753300006443,bruteforce,True,-105.5552341387634,-105.55198178617997,False,3.081185513884748e-05,0.08065177777616395,,
15,2,10002,reused,sweep_20260705_142459_e5a8c292,success,4,8879.837030999624,8701.370074999431,178.46695600019302,bruteforce,True,-94.26588730420852,-94.26566546070431,False,2.353380534050593e-06,0.021069642173784153,,
15,3,10003,reused,sweep_20260705_142459_e5a8c292,success,4,8991.432943999826,8814.619005001077,176.8139389987482,bruteforce,True,-95.3740503024223,-95.37251359974603,False,1.6112377228431568e-05,0.05543833671264231,,
15,4,10004,reused,sweep_20260705_142459_e5a8c292,success,4,8935.828538998976,8757.134491001125,178.69404799785116,bruteforce,True,-119.84306443822719,-119.83577120641266,False,6.085651972199359e-05,0.1207767369932009,,
15,5,10005,reused,sweep_20260705_142459_e5a8c292,success,4,8951.373198998226,8773.451870999452,177.92132799877436,bruteforce,True,-103.47666593103281,-103.4764364338187,False,2.217864404910521e-06,0.021424255238273737,,
15,6,10006,reused,sweep_20260705_142459_e5a8c292,success,4,8917.993166998713,8736.155902999599,181.83726399911393,bruteforce,True,-105.17840760198496,-105.17671466059834,False,1.6095902431121117e-05,0.05818972006533363,,
15,7,10007,reused,sweep_20260705_142459_e5a8c292,success,4,8893.2000349987,8713.505720000285,179.69431499841448,bruteforce,True,-103.68555691570634,-103.68540252512693,False,1.4890268616323958e-06,0.017572170313965962,,
15,8,10008,reused,sweep_20260705_142459_e5a8c292,success,4,8934.428923997984,8751.610186000107,182.81873799787718,bruteforce,True,-97.91618738444883,-97.91220968616246,False,4.0623500491899315e-05,0.08919303317241134,,
15,9,10009,reused,sweep_20260705_142459_e5a8c292,success,4,9077.095519000068,8897.490192999612,179.60532600045553,bruteforce,True,-113.55577872774217,-113.55570103733685,False,6.841607374817443e-07,0.012466986643435263,,
15,10,10010,reused,sweep_20260705_142459_e5a8c292,success,4,9411.176887997499,9225.221565999163,185.95532199833542,bruteforce,True,-115.70788267942174,-115.70654416631349,False,1.1568037347636597e-05,0.05174186137484149,,
15,11,10011,reused,sweep_20260705_142459_e5a8c292,success,4,9242.648766999082,9053.652930999306,188.99583599977632,bruteforce,True,-93.36835807665352,-93.36828269308003,False,8.073781636650819e-07,0.012280112614857064,,
15,12,10012,reused,sweep_20260705_142459_e5a8c292,success,4,9381.81750000058,9200.085974999638,181.73152500094147,bruteforce,True,-93.07555995852884,-93.07484190904333,False,7.71469423158344e-06,0.03789589983775743,,
15,13,10013,reused,sweep_20260705_142459_e5a8c292,success,4,9473.034992997782,9291.479877999336,181.5551149984458,bruteforce,True,-113.42328630647735,-113.42270815825431,False,5.097262139624596e-06,0.03400436665429751,,
15,14,10014,reused,sweep_20260705_142459_e5a8c292,success,4,9153.69578300033,8965.46900300018,188.22678000015003,bruteforce,True,-115.99019751592047,-115.99008337833985,False,9.840278150100384e-07,0.015111555848581482,,
15,15,10015,reused,sweep_20260705_142459_e5a8c292,success,4,9572.058676997585,9387.999192999814,184.05948399777117,bruteforce,True,-109.05634431048549,-109.05562105033226,False,6.6319860416666055e-06,0.03803433863356087,,
15,16,10016,reused,sweep_20260705_142459_e5a8c292,success,4,9894.586070000514,9710.821606999161,183.76446300135285,bruteforce,True,-101.96759692949509,-101.96757556662243,False,2.0950648344871735e-07,0.006539925814336822,,
15,17,10017,reused,sweep_20260705_142459_e5a8c292,success,4,8932.870240000739,8754.994869999791,177.87537000094744,bruteforce,True,-100.17557750936332,-100.17416581302598,False,1.4092220603475484e-05,0.05313562584167464,,
15,18,10018,reused,sweep_20260705_142459_e5a8c292,success,4,8899.267797999528,8717.230513999311,182.03728400021646,bruteforce,True,-112.21289836436576,-112.21236835178247,False,4.7232768336686515e-06,0.03256030213280425,,
15,19,10019,reused,sweep_20260705_142459_e5a8c292,success,4,9099.210880002829,8917.455945001166,181.7549350016634,bruteforce,True,-109.9257701704092,-109.9257602721658,False,9.004479455367283e-08,0.004449472202174398,,
20,0,10000,current,sweep_20260705_151529_715b9a8d,success,5,17965.26223700039,12253.525254000124,5711.736983000264,bruteforce,True,-152.5008872935988,-152.50088390343558,False,2.223044911547145e-08,0.002603910473596649,,
20,1,10001,current,sweep_20260705_151529_715b9a8d,success,5,16852.905048000594,11100.167736000003,5752.7373120005905,bruteforce,True,-143.00112344020908,-143.00003029274257,False,7.644327822200334e-06,0.04675783291393998,,
20,2,10002,current,sweep_20260705_151529_715b9a8d,success,5,16791.50260499955,11047.08012600031,5744.42247899924,bruteforce,True,-141.13208141655895,-141.13198258021308,False,7.003109773358129e-07,0.01405961236619202,,
20,3,10003,current,sweep_20260705_151529_715b9a8d,success,5,16688.806259001012,10971.255423000457,5717.550836000555,bruteforce,True,-142.8865451628468,-142.88654225917838,False,2.0321496425791154e-08,0.0024098425540639568,,
20,4,10004,current,sweep_20260705_151529_715b9a8d,success,5,17396.284310000283,11695.52135199956,5700.762958000723,bruteforce,True,-178.43161717546843,-178.42982981467208,False,1.0017063257342299e-05,0.05978897564019725,,
20,5,10005,current,sweep_20260705_151529_715b9a8d,success,5,17247.94224399966,11479.410866999842,5768.531376999817,bruteforce,True,-150.13903567252703,-150.13886303419113,False,1.1498564322315055e-06,0.01858162212401382,,
20,6,10006,current,sweep_20260705_151529_715b9a8d,success,5,17205.668509999214,11406.32317599966,5799.345333999554,bruteforce,True,-150.92482782355063,-150.92457581653795,False,1.6697518646235274e-06,0.02245025669657963,,
20,7,10007,current,sweep_20260705_151529_715b9a8d,success,5,17272.335094999107,11533.251019000545,5739.084075998562,bruteforce,True,-166.43783685256432,-166.42053601541866,False,0.00010394774092732457,0.18601525305314048,,
20,8,10008,current,sweep_20260705_151529_715b9a8d,success,5,17278.69702099997,11541.57835299975,5737.118668000221,bruteforce,True,-143.1604028299179,-143.15991336546892,False,3.41899323625647e-06,0.031287840390981536,,
20,9,10009,current,sweep_20260705_151529_715b9a8d,success,5,17424.17752600113,11639.16565100044,5785.011875000691,bruteforce,True,-167.59118410838866,-167.57312059420298,False,0.0001077832004218163,0.19007111403347654,,
20,10,10010,current,sweep_20260705_151529_715b9a8d,success,5,17257.22849099975,11544.874174000142,5712.354316999608,bruteforce,True,-170.72127314718693,-170.7201981737863,False,6.2966575918240676e-06,0.04636752208108064,,
20,11,10011,current,sweep_20260705_151529_715b9a8d,success,5,17301.178621999043,11566.870199999812,5734.308421999231,bruteforce,True,-144.15815986328283,-144.1580539229828,False,7.34889375293608e-07,0.014556121787519416,,
20,12,10012,current,sweep_20260705_151529_715b9a8d,success,5,17346.755291000136,11605.966023000292,5740.789267999844,bruteforce,True,-134.51575937402328,-134.51518673150622,False,4.2570663818223955e-06,0.03384206018483571,,
20,13,10013,current,sweep_20260705_151529_715b9a8d,success,5,17527.241265999237,11672.752686999502,5854.488578999735,bruteforce,True,-161.8451550143291,-161.84502331380992,False,8.137439712970539e-07,0.016229639884806524,,
20,14,10014,current,sweep_20260705_151529_715b9a8d,success,5,17347.006833999785,11634.369183999752,5712.637650000033,bruteforce,True,-168.5667020244885,-168.5591892171822,False,4.456875062562018e-05,0.12257901375372793,,
20,15,10015,current,sweep_20260705_151529_715b9a8d,success,5,17285.454832999676,11556.498573999761,5728.956258999915,bruteforce,True,-163.2003681401701,-163.19955653042774,False,4.973087693403022e-06,0.04028919828895372,,
20,16,10016,current,sweep_20260705_151529_715b9a8d,success,5,17280.760404001285,11553.361863000646,5727.398541000639,bruteforce,True,-148.30297597723424,-148.30295062058917,False,1.709786664832599e-07,0.007121327177602943,,
20,17,10017,current,sweep_20260705_151529_715b9a8d,success,5,17087.109354000404,11389.207057000021,5697.9022970003825,bruteforce,True,-136.08695160195393,-136.0868567233142,False,6.971913074524133e-07,0.013775243706518836,,
20,18,10018,current,sweep_20260705_151529_715b9a8d,success,5,17237.116904999766,11482.748729999912,5754.368174999854,bruteforce,True,-164.13792748240945,-164.13658324672028,False,8.189671392789287e-06,0.05185047436844137,,
20,19,10019,current,sweep_20260705_151529_715b9a8d,success,5,17259.585363999577,11548.121768999863,5711.463594999714,bruteforce,True,-165.1689245500428,-165.15864207661812,False,6.225428574217862e-05,0.14340483553987404,,
25,0,10000,current,sweep_20260705_151529_715b9a8d,success,7,16554.780332000064,14652.535771000203,1902.2445609998613,simulated_annealing,False,-201.04946311733647,-201.04946301360002,True,5.159747879202631e-10,0.00045588990103873073,True,2.837937217006873e-08
25,1,10001,current,sweep_20260705_151529_715b9a8d,success,7,16264.164160001656,14431.503558000259,1832.660602001397,simulated_annealing,False,-206.0531653033279,-206.0531492798277,False,7.776391190430424e-08,0.005661008864800365,True,4.233793093160321e-09
25,2,10002,current,sweep_20260705_151529_715b9a8d,success,7,16364.196806000564,14532.31270499964,1831.8841010009237,simulated_annealing,False,-195.94675172833,-195.94672186018204,False,1.5242992145969055e-07,0.007728935234787571,True,2.5776024075395517e-08
25,3,10003,current,sweep_20260705_151529_715b9a8d,success,7,16623.961069000416,14708.374507999906,1915.5865610005094,simulated_annealing,False,-193.9187886390509,-193.91847204101538,False,1.632632081360349e-06,0.025163387899703515,True,1.7384871641703514e-08
25,4,10004,current,sweep_20260705_151529_715b9a8d,success,7,16530.250869001065,14656.708073000118,1873.5427960009474,simulated_annealing,False,-244.6464430896501,-244.64641275627358,False,1.2398862673623744e-07,0.007788901701673012,True,1.5600596735068065e-08
25,5,10005,current,sweep_20260705_151529_715b9a8d,success,7,16536.12047099932,14685.681911999836,1850.4385589994854,simulated_annealing,False,-202.67550815805643,-202.67502741317824,False,2.3719929583895983e-06,0.031007898950228707,False,6.639027567852196e-08
25,6,10006,current,sweep_20260705_151529_715b9a8d,success,7,16562.379855000017,14710.316628999408,1852.0632260006096,simulated_annealing,False,-200.45914051569486,-200.4591185432566,False,1.0961055799703116e-07,0.006629100711721847,True,2.5196910123203544e-08
25,7,10007,current,sweep_20260705_151529_715b9a8d,success,7,16560.071001999404,14666.331849999551,1893.7391519998528,simulated_annealing,False,-204.31517022774844,-204.31510500388956,False,3.192316009136343e-07,0.011421371192922969,True,1.902703652955335e-08
25,8,10008,current,sweep_20260705_151529_715b9a8d,success,7,16365.576261001024,14498.423402000753,1867.1528590002708,simulated_annealing,False,-185.77808408127962,-185.77779836693477,False,1.5379335310397723e-06,0.0239045793050936,True,1.7136050954237674e-08
25,9,10009,current,sweep_20260705_151529_715b9a8d,success,7,16374.415147997752,14500.996752999527,1873.4183949982253,simulated_annealing,False,-245.8386734979398,-245.83853654725743,False,5.570754202832766e-07,0.01654996686537835,True,1.2550744680834348e-08
25,10,10010,current,sweep_20260705_151529_715b9a8d,success,7,16473.59497000025,14638.0763319994,1835.518638000849,simulated_annealing,False,-234.02178834962436,-234.01353838435057,False,3.525297935705691e-05,0.1284520574023409,False,1.2256805412312429e-07
25,11,10011,current,sweep_20260705_151529_715b9a8d,success,7,16516.805020999982,14652.292291999856,1864.5127290001255,simulated_annealing,False,-196.68509678804662,-196.68509140720096,False,2.7357668435588906e-08,0.003280549577918457,True,1.6529435910981964e-08
25,12,10012,current,sweep_20260705_151529_715b9a8d,success,7,16304.611255000964,14461.025304000486,1843.5859510004775,simulated_annealing,False,-194.53820992404226,-194.53820770054534,False,1.1429615403955186e-08,0.0021088609118473656,True,4.024797382286567e-09
25,13,10013,current,sweep_20260705_151529_715b9a8d,success,7,16019.707338999524,14190.294967999762,1829.412370999762,simulated_annealing,False,-228.69874445035077,-228.69871780991872,False,1.164870061624689e-07,0.0072994169423905575,True,9.311670157986315e-09
25,14,10014,current,sweep_20260705_151529_715b9a8d,success,7,16084.749483999985,14290.012441999806,1794.737042000179,simulated_annealing,False,-233.13319322232326,-233.13158710106558,False,6.889286057813599e-06,0.05667665741543981,False,6.948642096565427e-08
25,15,10015,current,sweep_20260705_151529_715b9a8d,success,7,16083.90867800108,14273.98247200017,1809.9262060009096,simulated_annealing,False,-232.7699039413742,-232.76990335703658,False,2.5103658293833974e-09,0.001081329039501533,True,8.237975251712791e-08
25,16,10016,current,sweep_20260705_151529_715b9a8d,success,7,16361.158241999874,14559.164988000248,1801.9932539996262,simulated_annealing,False,-199.31045121838366,-199.3104511229477,True,4.788306389068932e-10,0.0004371831328588982,True,2.7220283834038568e-08
25,17,10017,current,sweep_20260705_151529_715b9a8d,success,7,16140.425370999765,14315.35342999905,1825.071941000715,simulated_annealing,False,-186.17386906644933,-186.17356371628998,False,1.6401343587176894e-06,0.02471235282646056,True,1.715237496808786e-08
25,18,10018,current,sweep_20260705_151529_715b9a8d,success,7,16071.76146799884,14220.46578499885,1851.2956829999894,simulated_annealing,False,-220.13538064436756,-220.13529912885676,False,3.7029718058695467e-07,0.012768380071801033,True,2.1034500573850272e-08
25,19,10019,current,sweep_20260705_151529_715b9a8d,success,7,16001.650962000895,14190.617560001101,1811.0334019997936,simulated_annealing,False,-216.83586675332998,-216.83563938092544,False,1.04859222757981e-06,0.021324746549840512,True,5.603074236785933e-08
30,0,10000,current,sweep_20260705_151529_715b9a8d,success,8,19015.304623000247,16719.846428999517,2295.45819400073,simulated_annealing,False,-278.48948196653026,-278.48929872465595,False,6.579849013207872e-07,0.01914376538385376,True,6.986622207701644e-09
30,1,10001,current,sweep_20260705_151529_715b9a8d,success,8,19026.66277599883,16808.389198999066,2218.2735769997635,simulated_annealing,False,-268.66600702216186,-268.66363369056404,False,8.833762127665105e-06,0.06889603186167736,True,5.749991743140354e-08
30,2,10002,current,sweep_20260705_151529_715b9a8d,success,8,18996.971353999925,16819.995753999592,2176.9756000003326,simulated_annealing,False,-250.99818137551668,-250.99776542998248,False,1.6571655297304825e-06,0.02884252278987809,True,2.3534125154087526e-08
30,3,10003,current,sweep_20260705_151529_715b9a8d,success,8,19060.85091400064,16813.18723100094,2247.6636829997005,simulated_annealing,False,-252.3520726267091,-252.3520724450795,True,7.197467646045001e-10,0.0006027111611430769,True,1.0226854682881077e-08
30,4,10004,current,sweep_20260705_151529_715b9a8d,success,8,19003.39891800013,16792.57939299896,2210.8195250011704,simulated_annealing,False,-311.91417666792324,-311.91359055311955,False,1.8790899790349658e-06,0.034237839386802804,True,1.5956339927149598e-08
30,5,10005,current,sweep_20260705_151529_715b9a8d,success,8,19133.34770600204,16921.744570000556,2211.603136001486,simulated_annealing,False,-267.7737488351823,-267.77340028068915,False,1.3016753683281221e-06,0.026402821627177886,True,1.7886200358509792e-09
30,6,10006,current,sweep_20260705_151529_715b9a8d,success,8,19058.074662999843,16856.186336000064,2201.8883269997787,simulated_annealing,False,-253.35079274181774,-253.35004129334013,False,2.96603957494221e-06,0.03876721560380059,True,2.9068354450468456e-08
30,7,10007,current,sweep_20260705_151529_715b9a8d,success,8,19222.357440000906,16990.119573000356,2232.237867000549,simulated_annealing,False,-272.2494445574046,-272.24780615128805,False,6.0180329081407915e-06,0.05724345348253923,True,6.578315760470193e-08
30,8,10008,current,sweep_20260705_151529_715b9a8d,success,8,19009.848127000623,16808.186112000385,2201.662015000238,simulated_annealing,False,-235.33116205245315,-235.32825668733102,False,1.2345858052934861e-05,0.07622814633684882,True,1.4074135319976479e-08
30,9,10009,current,sweep_20260705_151529_715b9a8d,success,8,19113.920724000764,16863.345638999817,2250.5750850009463,simulated_annealing,False,-325.4899601104896,-325.48986376185485,False,2.9601108045646644e-07,0.013881544654056555,True,1.6132603169536217e-08
30,10,10010,current,sweep_20260705_151529_715b9a8d,success,8,18946.76609600174,16772.48373700013,2174.2823590016087,simulated_annealing,False,-294.3212999722707,-294.3211035534458,False,6.673619099377588e-07,0.019820132605461893,True,1.0435366686850498e-08
30,11,10011,current,sweep_20260705_151529_715b9a8d,success,8,18795.107216998986,16594.215064000764,2200.8921529982217,simulated_annealing,False,-256.56425815952986,-256.56348845579305,False,3.0000427274204267e-06,0.03923528361712769,True,1.2124080229051646e-08
30,12,10012,current,sweep_20260705_151529_715b9a8d,success,8,19097.737933999724,16885.977754000123,2211.760179999601,simulated_annealing,False,-260.67814636653924,-260.6765663987842,False,6.060990447689437e-06,0.05621330830235749,True,2.986081017403427e-08
30,13,10013,current,sweep_20260705_151529_715b9a8d,success,8,19140.922309000416,16893.64801800002,2247.2742910003944,simulated_annealing,False,-296.3383989296839,-296.33755135321167,False,2.860164174713624e-06,0.04117223568408157,True,1.8165461910620447e-08
30,14,10014,current,sweep_20260705_151529_715b9a8d,success,8,19080.916861999413,16847.52687099899,2233.389991000422,simulated_annealing,False,-277.19558831896495,-277.19557176790477,False,5.970895960135473e-08,0.005753449695554913,True,3.9309230736388844e-08
30,15,10015,current,sweep_20260705_151529_715b9a8d,success,8,19019.889570999112,16816.1129049995,2203.7766659996123,simulated_annealing,False,-302.47174396030886,-302.471729714225,False,4.7098891593185477e-08,0.005337806395296241,True,1.8878716125242413e-08
30,16,10016,current,sweep_20260705_151529_715b9a8d,success,8,19212.37200700216,16987.131848001354,2225.240159000805,simulated_annealing,False,-262.79932390978684,-262.7992054526878,False,4.507511560561358e-07,0.015392034452177406,True,7.1977524883801306e-09
30,17,10017,current,sweep_20260705_151529_715b9a8d,success,8,19172.51323499977,16941.234402999726,2231.2788320000436,simulated_annealing,False,-243.85463921709885,-243.85443177454863,False,8.50681171726292e-07,0.02036872867212125,True,7.900056949052008e-09
30,18,10018,current,sweep_20260705_151529_715b9a8d,success,8,19085.889402998873,16863.53783899949,2222.351563999382,simulated_annealing,False,-278.13742325621246,-278.137422162591,False,3.931946433515684e-09,0.0014789552642540116,True,2.171718391546841e-09
30,19,10019,current,sweep_20260705_151529_715b9a8d,success,8,18780.633581000984,16561.475302000417,2219.158279000567,simulated_annealing,False,-286.51098436073283,-286.50861577673277,False,8.266991945706698e-06,0.0688270888314122,True,2.31692478220491e-08
40,0,10000,current,sweep_20260705_151529_715b9a8d,success,10,25710.131982998973,22631.520194998757,3078.6117880002166,simulated_annealing,False,-430.4219379848365,-430.42191964458743,False,4.260993101472563e-08,0.006056443956179436,True,2.805570509358071e-09
40,1,10001,current,sweep_20260705_151529_715b9a8d,success,10,25503.064131999963,22506.07267599935,2996.9914560006146,simulated_annealing,False,-401.1588645618897,-401.1588107155229,False,1.3422703952183795e-07,0.01037751174039947,True,1.3787641467990658e-09
40,2,10002,current,sweep_20260705_151529_715b9a8d,success,10,25370.745715999874,22398.440425000445,2972.3052909994294,simulated_annealing,False,-405.82687094839554,-405.82673158411365,False,3.43408216333367e-07,0.016695165927966826,True,3.849998028531295e-09
40,3,10003,current,sweep_20260705_151529_715b9a8d,success,10,25342.613107000034,22321.255105000546,3021.358001999488,simulated_annealing,False,-383.98659846973163,-383.98632438679806,False,7.137825503921131e-07,0.02341294232870439,True,9.130774079179684e-09
40,4,10004,current,sweep_20260705_151529_715b9a8d,success,10,25372.69929600052,22381.739545000073,2990.959751000446,simulated_annealing,False,-481.7407520896393,-481.7406825662657,False,1.4431698637197993e-07,0.01179181367428761,True,2.5361130887817418e-08
40,5,10005,current,sweep_20260705_151529_715b9a8d,success,10,25645.889528000225,22616.18992800095,3029.699599999276,simulated_annealing,False,-390.0215953173589,-390.02159504736164,True,6.922623300101176e-10,0.0007349856397329546,True,1.739322438339482e-09
40,6,10006,current,sweep_20260705_151529_715b9a8d,success,10,25656.306114999552,22648.028331000205,3008.277783999347,simulated_annealing,False,-401.6963549072847,-401.69633116497494,False,5.910511620521882e-08,0.006890909948301882,True,2.0697916258475047e-09
40,7,10007,current,sweep_20260705_151529_715b9a8d,success,10,25767.145963999155,22738.58241300013,3028.5635509990243,simulated_annealing,False,-377.3873329153006,-377.3871686562595,False,4.3525319146829076e-07,0.01812506833382521,True,1.1994313887161285e-09
40,8,10008,current,sweep_20260705_151529_715b9a8d,success,10,25490.121938999437,22531.02583000009,2959.096108999347,simulated_annealing,False,-343.09960170936904,-343.0994308258307,False,4.980581075162781e-07,0.018486943624424157,True,3.0462400219815638e-09
40,9,10009,current,sweep_20260705_151529_715b9a8d,success,10,25718.852999000774,22617.794681000305,3101.0583180004687,simulated_annealing,False,-457.3415702232944,-457.3415696948823,False,1.1553992377562435e-09,0.0010280205900965456,True,4.727681186519599e-09
40,10,10010,current,sweep_20260705_151529_715b9a8d,success,10,25478.579850001097,22529.76117400158,2948.8186759995187,simulated_annealing,False,-414.09928446653805,-414.0984063567977,False,2.1205294800281012e-06,0.04190727242661829,True,1.3112420467827547e-08
40,11,10011,current,sweep_20260705_151529_715b9a8d,success,10,25578.935051000826,22591.606893000517,2987.3281580003095,simulated_annealing,False,-378.4915966567389,-378.4914308497491,False,4.3807310720529664e-07,0.018210274407168825,True,4.565988492865687e-09
40,12,10012,current,sweep_20260705_151529_715b9a8d,success,10,25599.458711999887,22604.16198799976,2995.296724000127,simulated_annealing,False,-398.2407072104488,-398.240295730904,False,1.0332433058021832e-06,0.02868726562623003,True,5.79701145209262e-09
40,13,10013,current,sweep_20260705_151529_715b9a8d,success,10,25679.347213000256,22621.87496000024,3057.4722530000145,simulated_annealing,False,-438.663422284574,-438.66338936535124,False,7.504437588025162e-08,0.008114098188475083,True,1.2209757287442116e-08
40,14,10014,current,sweep_20260705_151529_715b9a8d,success,10,25437.259470998924,22436.572884999805,3000.6865859991194,simulated_annealing,False,-467.0000058370274,-466.99953318158543,False,1.0121101414558952e-06,0.030745909303064423,True,1.3190169147547023e-08
40,15,10015,current,sweep_20260705_151529_715b9a8d,success,10,25640.360983998562,22667.087140998774,2973.273842999788,simulated_annealing,False,-401.8219290386735,-401.82191316092803,False,3.951438263313333e-08,0.005635211423570041,True,5.22603878038015e-09
40,16,10016,current,sweep_20260705_151529_715b9a8d,success,10,25724.73744499848,22675.299619999805,3049.4378249986767,simulated_annealing,False,-437.17386704111937,-437.17386505718537,False,4.538089185991391e-09,0.001992123683404401,True,5.926448405912302e-09
40,17,10017,current,sweep_20260705_151529_715b9a8d,success,10,25396.04171700057,22357.707321000817,3038.3343959997546,simulated_annealing,False,-381.7358318129875,-381.73560186536565,False,6.023736906087867e-07,0.02144516831707577,True,3.610988676846691e-09
40,18,10018,current,sweep_20260705_151529_715b9a8d,success,10,25901.1999190011,22898.580903000948,3002.6190160001534,simulated_annealing,False,-428.363471728648,-428.36345565233466,False,3.7529608359400943e-08,0.005670391452866852,True,6.245404478061059e-09
40,19,10019,current,sweep_20260705_151529_715b9a8d,success,10,25339.957194001272,22269.449853999504,3070.507340001768,simulated_annealing,False,-440.9126565900757,-440.9126226653783,False,7.694199040054015e-08,0.008237075735738841,True,9.346056259354007e-09
50,0,10000,current,sweep_20260705_151529_715b9a8d,success,13,32165.3026099998,28300.926640999023,3864.3759690007755,simulated_annealing,False,-596.9447551332629,-596.9447320918456,False,3.85989107188386e-08,0.006788434023718537,True,2.5516588967503063e-09
50,1,10001,current,sweep_20260705_151529_715b9a8d,success,13,32032.8324899956,28211.314381999728,3821.518107995871,simulated_annealing,False,-587.6284128928529,-587.6283459053279,False,1.1399640232568614e-07,0.011574780423392994,True,1.857185174259913e-09
50,2,10002,current,sweep_20260705_151529_715b9a8d,success,13,31880.920004000473,28052.417717002754,3828.5022869977183,simulated_annealing,False,-563.3136350033456,-563.3135944563226,False,7.197948082773021e-08,0.009005223995453449,True,3.0653498045761103e-09
50,3,10003,current,sweep_20260705_151529_715b9a8d,success,13,32157.17450900047,28358.07084999942,3799.103659001048,simulated_annealing,False,-577.2913885739974,-577.2909778099781,False,7.115367168763872e-07,0.02866231206600034,True,2.634635402599163e-09
50,4,10004,current,sweep_20260705_151529_715b9a8d,success,13,32250.02341200252,28441.051041003448,3808.972370999072,simulated_annealing,False,-665.7162490634489,-665.7155566412633,False,1.0401160953392168e-06,0.03721351485499902,True,6.297937218170701e-09
50,5,10005,current,sweep_20260705_151529_715b9a8d,success,13,32189.583461997245,28321.94272199922,3867.6407399980235,simulated_annealing,False,-545.1178798109454,-545.1178793746667,True,8.003382623887145e-10,0.000934108477828488,True,1.2835759994867396e-09
50,6,10006,current,sweep_20260705_151529_715b9a8d,success,13,32158.74959699795,28343.690128999697,3815.0594679982532,simulated_annealing,False,-573.6774437006936,-573.6768429200902,False,1.0472445972210523e-06,0.034663542926372415,True,3.3828812676074333e-09
50,7,10007,current,sweep_20260705_151529_715b9a8d,success,13,32017.495809999673,28202.77600499867,3814.7198050010047,simulated_annealing,False,-555.8748575516927,-555.8748575450912,True,1.1875790956001614e-11,0.00011490583248274788,True,1.8543952270218237e-09
50,8,10008,current,sweep_20260705_151529_715b9a8d,success,13,32099.206946003505,28318.494510000164,3780.7124360033413,simulated_annealing,False,-500.04662753699847,-500.04605883170575,False,1.1373045260251901e-06,0.03372551870343976,True,2.1053201959588637e-09
50,9,10009,current,sweep_20260705_151529_715b9a8d,success,13,31986.231837999185,28177.030361001016,3809.201476998169,simulated_annealing,False,-640.4005829707182,-640.4003849246851,False,3.0925336170210265e-07,0.019902061944419458,True,4.828013694868502e-09
50,10,10010,current,sweep_20260705_151529_715b9a8d,success,13,31849.85466499802,28061.837847998504,3788.016816999516,simulated_annealing,False,-572.2112821745133,-572.2109974838994,False,4.975270895936647e-07,0.023861710506157152,True,8.920013293184286e-10
50,11,10011,current,sweep_20260705_151529_715b9a8d,success,13,32181.469450001714,28349.247358000866,3832.2220920008476,simulated_annealing,False,-515.8460909950788,-515.8460759011141,False,2.926059732116264e-08,0.005494355118267791,True,2.930184662729395e-09
50,12,10012,current,sweep_20260705_151529_715b9a8d,success,13,32035.70262800349,28242.930319000152,3792.7723090033396,simulated_annealing,False,-579.0859415609679,-579.0858210427258,False,2.081180588349498e-07,0.015525349794106802,True,4.390227356986143e-09
50,13,10013,current,sweep_20260705_151529_715b9a8d,success,13,32357.087269002477,28434.286814001098,3922.8004550013793,simulated_annealing,False,-638.4869108073447,-638.4868761464782,False,5.428594684928998e-08,0.008325967475263596,True,4.030693259283797e-09
50,14,10014,current,sweep_20260705_151529_715b9a8d,success,13,32208.831459000066,28296.18051200032,3912.6509469997472,simulated_annealing,False,-654.466662424319,-654.4665540528434,False,1.6558746500680557e-07,0.014722193449136611,True,9.789340470062788e-10
50,15,10015,current,sweep_20260705_151529_715b9a8d,success,13,32030.75588599677,28173.142523000934,3857.613362995835,simulated_annealing,False,-565.8784060426035,-565.8784047844837,False,2.2233041763007552e-09,0.0015862871431551184,True,2.530815333121799e-09
50,16,10016,current,sweep_20260705_151529_715b9a8d,success,13,32105.061391999698,28262.49356199878,3842.5678300009167,simulated_annealing,False,-603.4263083282119,-603.4262022773963,False,1.7574774935252718e-07,0.014563709807799086,True,1.7078773660154044e-09
50,17,10017,current,sweep_20260705_151529_715b9a8d,success,13,32148.734488995615,28260.517969998546,3888.216518997069,simulated_annealing,False,-521.4718089823582,-521.4717853144523,False,4.538674095023377e-08,0.006880102642529806,True,6.066893552012593e-10
50,18,10018,current,sweep_20260705_151529_715b9a8d,success,13,31711.126040002455,27900.382813998476,3810.7432260039786,simulated_annealing,False,-538.367370182948,-538.3673455906005,False,4.567949105803097e-08,0.007013180132853236,True,3.1260143207915306e-09
50,19,10019,current,sweep_20260705_151529_715b9a8d,success,13,32370.10878300316,28545.82538000159,3824.283403001573,simulated_annealing,False,-588.2685359823685,-588.268397147529,False,2.3600589018771537e-07,0.01666342438713464,True,1.0184540715556939e-08
65,0,10000,current,sweep_20260705_151529_715b9a8d,success,17,42376.78133600184,37176.776139999674,5200.0051960021665,simulated_annealing,False,-833.5457732405021,-833.5457706307578,False,3.130894922033237e-09,0.0022846238916027772,True,6.493794156097917e-09
65,1,10001,current,sweep_20260705_151529_715b9a8d,success,17,41986.72260400235,36846.17863599942,5140.54396800293,simulated_annealing,False,-912.22474570692,-912.2247430712863,False,2.8892372081898406e-09,0.0022959261266066733,True,2.4648475277703808e-09
65,2,10002,current,sweep_20260705_151529_715b9a8d,success,17,42427.705714000695,37272.344859999976,5155.360854000719,simulated_annealing,False,-847.7191253975609,-847.7189656484253,False,1.8844583166648074e-07,0.0178745164817542,True,5.830547000083194e-09
65,3,10003,current,sweep_20260705_151529_715b9a8d,success,17,42065.60405300206,36874.82458300019,5190.779470001871,simulated_annealing,False,-878.9854191417471,-878.9841497514217,False,1.444154018700902e-06,0.05038631422387141,True,1.6407251334811795e-09
65,4,10004,current,sweep_20260705_151529_715b9a8d,success,17,42420.03676699824,37237.030022996805,5183.006744001432,simulated_annealing,False,-1022.5765915223219,-1022.5765831406542,False,8.196616073149589e-09,0.004094321649560584,True,8.422505113196438e-10
65,5,10005,current,sweep_20260705_151529_715b9a8d,success,17,42367.561255999135,37114.930748000006,5252.630507999129,simulated_annealing,False,-843.7531962458637,-843.7531946447182,False,1.8976467696936303e-09,0.0017894947033170183,True,3.1504031160474523e-09
65,6,10006,current,sweep_20260705_151529_715b9a8d,success,17,42158.917252999345,36906.87524799978,5252.042004999566,simulated_annealing,False,-872.5185140609335,-872.518121742691,False,4.4963887429217844e-07,0.02801136438403873,True,9.828671969074609e-10
65,7,10007,current,sweep_20260705_151529_715b9a8d,success,17,42077.441734001695,36962.07387100094,5115.367863000756,simulated_annealing,False,-833.430904607369,-833.4309031123244,False,1.7938435722850855e-09,0.0017292016020107326,True,1.2706210468210566e-09
65,8,10008,current,sweep_20260705_151529_715b9a8d,success,17,42179.57014100102,37055.941800000255,5123.628341000767,simulated_annealing,False,-726.7185260597353,-726.7184030156043,False,1.6931470242588542e-07,0.015687201138559814,True,1.179136094279477e-09
65,9,10009,current,sweep_20260705_151529_715b9a8d,success,17,42165.39017600007,36983.07990199828,5182.310274001793,simulated_annealing,False,-937.1662005690032,-937.166189993437,False,1.1284621860046968e-08,0.004599036046919025,True,1.0459591390483796e-09
65,10,10010,current,sweep_20260705_151529_715b9a8d,success,17,42000.8762339985,36845.84360200006,5155.032631998438,simulated_annealing,False,-935.6512898995056,-935.649853037532,False,1.5356810695685141e-06,0.0536071261605926,True,4.8891207986118615e-09
65,11,10011,current,sweep_20260705_151529_715b9a8d,success,17,42247.39798900282,37048.277345002134,5199.120644000686,simulated_annealing,False,-740.1853912076281,-740.1853679741657,False,3.1388706963583526e-08,0.006816665402055833,True,7.669561126094429e-10
80,0,10000,current,sweep_20260705_151529_715b9a8d,success,20,51733.935461998044,45167.929580998134,6566.00588099991,simulated_annealing,False,-1243.649907947265,-1243.6499078656843,True,6.559785413323022e-11,0.00040399427154369505,True,1.2701587242639388e-09
80,1,10001,current,sweep_20260705_151529_715b9a8d,success,20,51501.508646997536,44933.06322799799,6568.445418999545,simulated_annealing,False,-1326.4124230943512,-1326.412413309744,False,7.37674582205969e-09,0.004423711835659816,True,8.362154123529098e-09
80,2,10002,current,sweep_20260705_151529_715b9a8d,success,20,52015.17033500477,45540.230567003164,6474.9397680016045,simulated_annealing,False,-1246.6841784915873,-1246.6841768131576,False,1.3463150931310883e-09,0.001832211378641091,True,4.5091408962864705e-09
80,3,10003,current,sweep_20260705_151529_715b9a8d,success,20,52139.92357600455,45662.59337599877,6477.330200005781,simulated_annealing,False,-1241.6735803646402,-1241.6735803542185,True,8.393246485022276e-12,0.0001445081699635864,True,1.679361228775758e-09
80,4,10004,current,sweep_20260705_151529_715b9a8d,success,20,52266.71237899245,45784.19678399678,6482.515594995675,simulated_annealing,False,-1408.9262408107475,-1408.9261905675057,False,3.5660661484826265e-08,0.01002429558466389,True,1.759714573086578e-09
80,5,10005,current,sweep_20260705_151529_715b9a8d,success,20,51994.447451997075,45500.55627299844,6493.891178998638,simulated_annealing,False,-1257.796730310346,-1257.7965823851205,False,1.1760662271950009e-07,0.01720030389084215,True,3.635666961228848e-10
80,6,10006,current,sweep_20260705_151529_715b9a8d,success,20,51919.02784699505,45451.11295899824,6467.9148879968125,simulated_annealing,False,-1274.9586391340727,-1274.9586386913197,True,3.4726846908554774e-10,0.0009410157358900051,True,2.0376685342087247e-10
80,7,10007,current,sweep_20260705_151529_715b9a8d,success,20,51233.433527999296,44644.34990800055,6589.083619998746,simulated_annealing,False,-1194.3731437251763,-1194.3730095545816,False,1.1233557571572032e-07,0.016381124625294063,True,2.564249606694602e-10
80,8,10008,current,sweep_20260705_151529_715b9a8d,success,20,51754.09156600199,45352.255482000146,6401.836084001843,simulated_annealing,False,-1009.7353046009689,-1009.734798720882,False,5.010026732185824e-07,0.03180817880900122,True,9.098084148138292e-10
80,9,10009,current,sweep_20260705_151529_715b9a8d,success,20,51694.94073099668,45204.534140999385,6490.406589997292,simulated_annealing,False,-1305.9743697206272,-1305.9743649183547,False,3.6771568061628822e-09,0.0030991200819769915,True,1.5181101013870157e-09
80,10,10010,current,sweep_20260705_151529_715b9a8d,success,20,52092.741813998146,45629.137756998716,6463.604056999429,simulated_annealing,False,-1284.3104151139794,-1284.3093986381173,False,7.914565280743519e-07,0.045088266049589265,True,1.8898020472287075e-10
80,11,10011,current,sweep_20260705_151529_715b9a8d,success,20,51678.96908299463,45184.831906,6494.137176994627,simulated_annealing,False,-998.5651391361022,-998.5651343514628,False,4.791514529378352e-09,0.003093426311799874,True,3.633218573606326e-10
100,0,10000,current,sweep_20260705_151529_715b9a8d,success,25,65093.12027899705,56742.05471500045,8351.065563996599,simulated_annealing,False,-2003.1150078846026,-2003.1150071367517,True,3.7334396058348285e-10,0.0012229987697516265,True,1.3213507764937968e-09
100,1,10001,current,sweep_20260705_151529_715b9a8d,success,25,65158.98837200075,56788.58616800153,8370.40220399922,simulated_annealing,False,-1816.1988376819977,-1816.1988370807026,True,3.3107340958618094e-10,0.0010966271688488405,True,3.2921493277678624e-09
100,2,10002,current,sweep_20260705_151529_715b9a8d,success,25,65044.14486500173,56757.37541300077,8286.769452000954,simulated_annealing,False,-1649.7888797995797,-1649.7888797707983,True,1.7445513748675308e-11,0.00023993313531534,True,2.457089718974228e-10
100,3,10003,current,sweep_20260705_151529_715b9a8d,success,25,65023.818986999686,56748.9908289981,8274.828158001583,simulated_annealing,False,-1793.236681447162,-1793.2364508738783,False,1.2857939283826692e-07,0.021474324138949896,True,4.927463913013289e-10
100,4,10004,current,sweep_20260705_151529_715b9a8d,success,25,65234.26098700202,56929.19378099941,8305.067206002605,simulated_annealing,False,-1946.770552929242,-1946.7703638480502,False,9.7125565997311e-08,0.019446397699248053,True,7.673936663366801e-10
100,5,10005,current,sweep_20260705_151529_715b9a8d,success,25,64658.63913099838,56380.84853499822,8277.790596000159,simulated_annealing,False,-1850.2447377820774,-1850.2447348612288,False,1.5786282439089365e-09,0.0024169669881857203,True,2.0086216381542833e-09
100,6,10006,current,sweep_20260705_151529_715b9a8d,success,25,64883.13213500078,56608.27782900196,8274.854305998815,simulated_annealing,False,-1947.8252609072638,-1947.8252598015854,True,5.676476301432855e-10,0.0014870695095581254,True,7.845222760134487e-10
100,7,10007,current,sweep_20260705_151529_715b9a8d,success,25,64569.99987199379,56337.02390899816,8232.975962995624,simulated_annealing,False,-1670.7059502765367,-1670.7059237416925,False,1.588241438027984e-08,0.007284895508693268,True,2.558737071562301e-09
100,8,10008,current,sweep_20260705_151529_715b9a8d,success,25,65072.1938839979,56603.235236997534,8468.958647000363,simulated_annealing,False,-1520.6921948819531,-1520.6917669064333,False,2.814346790954156e-07,0.029256641129094874,True,1.6250077455939295e-09
100,9,10009,current,sweep_20260705_151529_715b9a8d,success,25,66388.09635699817,57664.58176499873,8723.51459199944,simulated_annealing,False,-1930.5375280758494,-1930.537517884169,False,5.2791931689525574e-09,0.004514794570397385,True,2.5163305056313746e-10
100,10,10010,current,sweep_20260705_151529_715b9a8d,success,25,69240.81158100489,60238.14079400472,9002.67078700017,simulated_annealing,False,-1724.2024154051687,-1724.2023930796918,False,1.2948292351614699e-08,0.006682137410901845,True,4.36173103118694e-10
100,11,10011,current,sweep_20260705_151529_715b9a8d,success,25,71582.58669600218,62859.63365599946,8722.953040002722,simulated_annealing,False,-1527.9540051095598,-1527.9540024098533,False,1.7668768477705148e-09,0.002323666016376791,True,6.787299247803295e-10
130,0,10000,current,sweep_20260705_151529_715b9a8d,success,33,94940.8900719991,83290.20259799474,11650.687474004371,simulated_annealing,False,-3037.4320575911206,-3037.432018667481,False,1.2814653632260702e-08,0.008823111428831965,True,3.617659086255925e-10
130,1,10001,current,sweep_20260705_151529_715b9a8d,success,33,94459.33098599472,82046.15350000041,12413.17748599431,simulated_annealing,False,-2786.171512593187,-2786.171502006852,False,3.799599205434918e-09,0.004601377729954947,True,1.1920487395937842e-09
130,2,10002,current,sweep_20260705_151529_715b9a8d,success,33,92286.50510799704,80108.02862900161,12178.476478995435,simulated_annealing,False,-2686.454973440704,-2686.4549734399407,True,2.8421127831540996e-13,3.941934709317252e-05,True,2.9410765143130123e-10
130,3,10003,current,sweep_20260705_151529_715b9a8d,success,33,92475.82945300383,80727.37917600352,11748.450277000302,simulated_annealing,False,-2876.566637715291,-2876.566559500066,False,2.719047913054058e-08,0.012507217206383814,True,2.375524165474349e-10
130,4,10004,current,sweep_20260705_151529_715b9a8d,success,33,94223.24111800024,81659.14045300268,12564.10066499756,simulated_annealing,False,-3008.1671191460437,-3008.1666397921836,False,1.5935080768941843e-07,0.030963005809759636,True,6.059900646795194e-10
130,5,10005,current,sweep_20260705_151529_715b9a8d,success,33,98465.68107800337,85306.8566269985,13158.824451004868,simulated_annealing,False,-2891.275479394043,-2891.2754793837894,True,3.5464082688990133e-12,0.00014353133842348598,True,5.176497976882681e-10
130,6,10006,current,sweep_20260705_151529_715b9a8d,success,33,98973.1357899991,86311.14185600108,12661.99393399802,simulated_annealing,False,-3076.7440061110206,-3076.7440025237547,False,1.1659292518789955e-09,0.0026785317054773827,True,1.863356977036259e-09
130,7,10007,current,sweep_20260705_151529_715b9a8d,success,33,98650.94515899819,86342.01228400253,12308.932874995662,simulated_annealing,False,-2699.099617909361,-2699.099617748433,True,5.962277585210256e-11,0.0005673498698541835,True,6.074274015323484e-11
160,0,10000,current,sweep_20260705_151529_715b9a8d,success,40,120104.50423599195,104010.48704599816,16094.017189993785,simulated_annealing,False,-4389.633673194892,-4389.6336718773555,True,3.0014731736835543e-10,0.0016232909459930056,True,2.4427527620657605e-10
160,1,10001,current,sweep_20260705_151529_715b9a8d,success,40,102419.38766400654,88207.65436500097,14211.733299005573,simulated_annealing,False,-4097.965025532874,-4097.965025253909,True,6.807419540134514e-11,0.0007469904280128503,True,2.5673371030793203e-09
160,2,10002,current,sweep_20260705_151529_715b9a8d,success,40,99831.43675800238,85893.8340170007,13937.602741001683,simulated_annealing,False,-3957.4953233218534,-3957.4953227456717,True,1.4559252055956842e-10,0.0010734877626106254,True,1.1355461124670397e-10
160,3,10003,current,sweep_20260705_151529_715b9a8d,success,40,99492.82592699272,85551.43004699764,13941.395879995078,simulated_annealing,False,-4045.003000391481,-4045.002877023907,False,3.049875955442133e-08,0.015707805435553723,True,2.6531513125066616e-10
160,4,10004,current,sweep_20260705_151529_715b9a8d,success,40,99843.70138699978,85760.0880259979,14083.613361001873,simulated_annealing,False,-4618.920417583442,-4618.919908739053,False,1.1016522100448582e-07,0.031901236133819566,True,2.2730981994859707e-10
160,5,10005,current,sweep_20260705_151529_715b9a8d,success,40,109683.1138570051,94910.70487300205,14772.40898400305,simulated_annealing,False,-4056.9381782224204,-4056.9381777102117,True,1.262550102800815e-10,0.0010121381618972691,True,4.584793147117791e-10
160,6,10006,current,sweep_20260705_151529_715b9a8d,success,40,109087.897556009,94573.18519900218,14514.712357006822,simulated_annealing,False,-4383.526092070348,-4383.525974370595,False,2.6850473915039413e-08,0.015342735958846276,True,6.52507781481029e-11
160,7,10007,current,sweep_20260705_151529_715b9a8d,success,40,106581.818527995,92037.12752900083,14544.690998994163,simulated_annealing,False,-4115.304400372794,-4115.304400336841,True,8.736249390890024e-12,0.00026818045516563416,True,2.1260321380473678e-10
200,0,10000,current,sweep_20260705_151529_715b9a8d,success,50,140064.74503000028,121517.19275999858,18547.552270001703,simulated_annealing,False,-6824.003602516199,-6824.003602504403,True,1.728625447625103e-12,0.0001536450234098652,True,1.8868475370931157e-10
200,1,10001,current,sweep_20260705_151529_715b9a8d,success,50,135113.00477100667,116656.27467800732,18456.73009299935,simulated_annealing,False,-6163.55107838074,-6163.55107823941,True,2.2929966490101997e-11,0.0005317008861638328,True,4.6557459302384155e-10
200,2,10002,current,sweep_20260705_151529_715b9a8d,success,50,134498.03573099233,116172.58837699592,18325.44735399641,simulated_annealing,False,-6047.96814763572,-6047.968144653139,True,4.931542942649534e-10,0.002442369933199018,True,4.3869295691216927e-10
200,3,10003,current,sweep_20260705_151529_715b9a8d,success,50,134848.21861099044,116536.14832399762,18312.07028699282,simulated_annealing,False,-6145.941799692742,-6145.9417779799005,False,3.5328746153673216e-09,0.006589831762553899,True,7.340661833701119e-10
200,4,10004,current,sweep_20260705_151529_715b9a8d,success,50,135690.23728800312,117285.17712400208,18405.060164001043,simulated_annealing,False,-6956.078815331801,-6956.078795157836,False,2.9001921123095033e-09,0.006352003356411728,True,2.8616134676586007e-10
200,5,10005,current,sweep_20260705_151529_715b9a8d,success,50,137111.31605899025,118199.39823299865,18911.917825991608,simulated_annealing,False,-5876.328425148042,-5876.328424483845,True,1.1302920066630249e-10,0.0011525994619461244,True,2.612107734402102e-10
200,6,10006,current,sweep_20260705_151529_715b9a8d,success,50,137777.93906300212,119555.35711399898,18222.581949003143,simulated_annealing,False,-6470.221485391909,-6470.221372359424,False,1.746964686343804e-08,0.015035460798742406,True,1.6749697514217165e-10
200,7,10007,current,sweep_20260705_151529_715b9a8d,success,50,133377.5136659806,115269.4721039934,18108.041561987207,simulated_annealing,False,-6059.178716000096,-6059.178715740556,True,4.2834150753052506e-11,0.0007204777910985172,True,1.482640956554737e-10
