duration_s,metrics.all_sub_qubos_feasible,metrics.annealing_energy,metrics.annealing_gap,metrics.annealing_solve_time_ms,metrics.assignments,metrics.beats_annealing,metrics.energy,metrics.feasible,metrics.final_phi,metrics.load_imbalance,metrics.max_probability,metrics.num_cores,metrics.num_entities,metrics.num_feasible_sub_qubos,metrics.num_sub_qubos,metrics.num_variables,metrics.optimal,metrics.optimality_gap,metrics.output_type,metrics.pipeline,metrics.solve_time_ms,metrics.solver_backend,repeat_count,repeat_number,run_id,scenario_file,scenario_id,scenario_name,status,sweep.layers,sweep.penalty,sweep.qubit_max,validation.annealing_assignments,validation.annealing_backend,validation.annealing_energy,validation.annealing_error,validation.annealing_gap,validation.annealing_is_feasible,validation.annealing_solve_time_ms,validation.beats_annealing,validation.brute_force_error,validation.candidate_assignments,validation.candidate_energy,validation.errors,validation.global_assignments,validation.global_energy,validation.is_optimal,validation.unconstrained_assignments,validation.unconstrained_energy,validation.unconstrained_is_feasible,validation.valid
2.1200761795043945,,,,,"{""1000"": 1, ""1001"": 0}",,-10.42,True,,,0.2622052758545041,2,2,,,4,True,0.0,SchedulingOutput,default,609.683233999931,qaoa_pennylane_lightning.gpu_xy_mixer,1,1,run_20260626_152701_7a132ebd,src/experiments/scenarios/t1_1_minimal_direct.toml,T1.1,Minimal preset direct path,success,,,,{},,,,,,,,,"{""1000"": 1, ""1001"": 0}",-10.42,[],"{""1000"": 1, ""1001"": 0}",-10.42,True,"{""1000"": 1, ""1001"": 0}",-10.42,True,True
0.44495558738708496,,,,,"{""1000"": 0, ""1001"": 1, ""1002"": 0}",,-15.500000000000002,True,,,0.13426479080408618,2,3,,,6,True,0.0,SchedulingOutput,default,443.20429700019304,qaoa_pennylane_lightning.gpu_xy_mixer,1,1,run_20260626_152701_7a132ebd,src/experiments/scenarios/t1_2_slightly_larger_direct.toml,T1.2,Three-process direct path,success,,,,{},,,,,,,,,"{""1000"": 0, ""1001"": 1, ""1002"": 0}",-15.500000000000002,[],"{""1000"": 1, ""1001"": 0, ""1002"": 1}",-15.500000000000002,True,"{""1000"": 1, ""1001"": 0, ""1002"": 1}",-15.500000000000002,True,True
0.6207225322723389,,,,,"{""1000"": 1, ""1001"": 1, ""1002"": 0, ""1003"": 0}",,-20.5,True,,,0.06875160686379561,2,4,,,8,True,0.0,SchedulingOutput,default,615.9804949998033,qaoa_pennylane_lightning.gpu_xy_mixer,1,1,run_20260626_152701_7a132ebd,src/experiments/scenarios/t1_3_direct_qubit_boundary.toml,T1.3,Direct path at qubit boundary,success,,,,{},,,,,,,,,"{""1000"": 1, ""1001"": 1, ""1002"": 0, ""1003"": 0}",-20.5,[],"{""1000"": 1, ""1001"": 1, ""1002"": 0, ""1003"": 0}",-20.5,True,"{""1000"": 1, ""1001"": 1, ""1002"": 0, ""1003"": 0}",-20.5,True,True
3.051896572113037,,,,,"{""1000"": 0, ""1001"": 0, ""1002"": 1, ""1003"": 1}",,-20.5,True,,,0.06264936633829869,2,4,,,8,True,0.0,SchedulingOutput,default,1416.560837000361,qaoa_pennylane_lightning.gpu_xy_mixer,5,1,sweep_20260626_152713_c32d7ee9,src/experiments/scenarios/research_b1_layers_sweep.toml,B1.1,QAOA depth sweep [1/7],success,1,,,{},,,,,,,,,"{""1000"": 0, ""1001"": 0, ""1002"": 1, ""1003"": 1}",-20.5,[],"{""1000"": 1, ""1001"": 1, ""1002"": 0, ""1003"": 0}",-20.5,True,"{""1000"": 1, ""1001"": 1, ""1002"": 0, ""1003"": 0}",-20.5,True,True
1.2883739471435547,,,,,"{""1000"": 0, ""1001"": 0, ""1002"": 1, ""1003"": 1}",,-20.5,True,,,0.06264936633829869,2,4,,,8,True,0.0,SchedulingOutput,default,1283.5786200002985,qaoa_pennylane_lightning.gpu_xy_mixer,5,2,sweep_20260626_152713_c32d7ee9,src/experiments/scenarios/research_b1_layers_sweep.toml,B1.1,QAOA depth sweep [1/7],success,1,,,{},,,,,,,,,"{""1000"": 0, ""1001"": 0, ""1002"": 1, ""1003"": 1}",-20.5,[],"{""1000"": 1, ""1001"": 1, ""1002"": 0, ""1003"": 0}",-20.5,True,"{""1000"": 1, ""1001"": 1, ""1002"": 0, ""1003"": 0}",-20.5,True,True
1.3465228080749512,,,,,"{""1000"": 0, ""1001"": 0, ""1002"": 1, ""1003"": 1}",,-20.5,True,,,0.06264936633829869,2,4,,,8,True,0.0,SchedulingOutput,default,1341.6905409999345,qaoa_pennylane_lightning.gpu_xy_mixer,5,3,sweep_20260626_152713_c32d7ee9,src/experiments/scenarios/research_b1_layers_sweep.toml,B1.1,QAOA depth sweep [1/7],success,1,,,{},,,,,,,,,"{""1000"": 0, ""1001"": 0, ""1002"": 1, ""1003"": 1}",-20.5,[],"{""1000"": 1, ""1001"": 1, ""1002"": 0, ""1003"": 0}",-20.5,True,"{""1000"": 1, ""1001"": 1, ""1002"": 0, ""1003"": 0}",-20.5,True,True
1.1293001174926758,,,,,"{""1000"": 0, ""1001"": 0, ""1002"": 1, ""1003"": 1}",,-20.5,True,,,0.06264936633829869,2,4,,,8,True,0.0,SchedulingOutput,default,1124.5332070002405,qaoa_pennylane_lightning.gpu_xy_mixer,5,4,sweep_20260626_152713_c32d7ee9,src/experiments/scenarios/research_b1_layers_sweep.toml,B1.1,QAOA depth sweep [1/7],success,1,,,{},,,,,,,,,"{""1000"": 0, ""1001"": 0, ""1002"": 1, ""1003"": 1}",-20.5,[],"{""1000"": 1, ""1001"": 1, ""1002"": 0, ""1003"": 0}",-20.5,True,"{""1000"": 1, ""1001"": 1, ""1002"": 0, ""1003"": 0}",-20.5,True,True
1.2256107330322266,,,,,"{""1000"": 0, ""1001"": 0, ""1002"": 1, ""1003"": 1}",,-20.5,True,,,0.06264936633829869,2,4,,,8,True,0.0,SchedulingOutput,default,1220.9436540001661,qaoa_pennylane_lightning.gpu_xy_mixer,5,5,sweep_20260626_152713_c32d7ee9,src/experiments/scenarios/research_b1_layers_sweep.toml,B1.1,QAOA depth sweep [1/7],success,1,,,{},,,,,,,,,"{""1000"": 0, ""1001"": 0, ""1002"": 1, ""1003"": 1}",-20.5,[],"{""1000"": 1, ""1001"": 1, ""1002"": 0, ""1003"": 0}",-20.5,True,"{""1000"": 1, ""1001"": 1, ""1002"": 0, ""1003"": 0}",-20.5,True,True
1.8812487125396729,,,,,"{""1000"": 0, ""1001"": 0, ""1002"": 1, ""1003"": 1}",,-20.5,True,,,0.06299326136562224,2,4,,,8,True,0.0,SchedulingOutput,default,1876.1476579998089,qaoa_pennylane_lightning.gpu_xy_mixer,5,1,sweep_20260626_152713_c32d7ee9,src/experiments/scenarios/research_b1_layers_sweep.toml,B1.2,QAOA depth sweep [2/7],success,2,,,{},,,,,,,,,"{""1000"": 0, ""1001"": 0, ""1002"": 1, ""1003"": 1}",-20.5,[],"{""1000"": 1, ""1001"": 1, ""1002"": 0, ""1003"": 0}",-20.5,True,"{""1000"": 1, ""1001"": 1, ""1002"": 0, ""1003"": 0}",-20.5,True,True
2.071213483810425,,,,,"{""1000"": 0, ""1001"": 0, ""1002"": 1, ""1003"": 1}",,-20.5,True,,,0.06299326136562224,2,4,,,8,True,0.0,SchedulingOutput,default,2065.3741599999194,qaoa_pennylane_lightning.gpu_xy_mixer,5,2,sweep_20260626_152713_c32d7ee9,src/experiments/scenarios/research_b1_layers_sweep.toml,B1.2,QAOA depth sweep [2/7],success,2,,,{},,,,,,,,,"{""1000"": 0, ""1001"": 0, ""1002"": 1, ""1003"": 1}",-20.5,[],"{""1000"": 1, ""1001"": 1, ""1002"": 0, ""1003"": 0}",-20.5,True,"{""1000"": 1, ""1001"": 1, ""1002"": 0, ""1003"": 0}",-20.5,True,True
1.985553503036499,,,,,"{""1000"": 0, ""1001"": 0, ""1002"": 1, ""1003"": 1}",,-20.5,True,,,0.06299326136562224,2,4,,,8,True,0.0,SchedulingOutput,default,1980.688592000206,qaoa_pennylane_lightning.gpu_xy_mixer,5,3,sweep_20260626_152713_c32d7ee9,src/experiments/scenarios/research_b1_layers_sweep.toml,B1.2,QAOA depth sweep [2/7],success,2,,,{},,,,,,,,,"{""1000"": 0, ""1001"": 0, ""1002"": 1, ""1003"": 1}",-20.5,[],"{""1000"": 1, ""1001"": 1, ""1002"": 0, ""1003"": 0}",-20.5,True,"{""1000"": 1, ""1001"": 1, ""1002"": 0, ""1003"": 0}",-20.5,True,True
1.9015491008758545,,,,,"{""1000"": 0, ""1001"": 0, ""1002"": 1, ""1003"": 1}",,-20.5,True,,,0.06299326136562224,2,4,,,8,True,0.0,SchedulingOutput,default,1896.8165659998704,qaoa_pennylane_lightning.gpu_xy_mixer,5,4,sweep_20260626_152713_c32d7ee9,src/experiments/scenarios/research_b1_layers_sweep.toml,B1.2,QAOA depth sweep [2/7],success,2,,,{},,,,,,,,,"{""1000"": 0, ""1001"": 0, ""1002"": 1, ""1003"": 1}",-20.5,[],"{""1000"": 1, ""1001"": 1, ""1002"": 0, ""1003"": 0}",-20.5,True,"{""1000"": 1, ""1001"": 1, ""1002"": 0, ""1003"": 0}",-20.5,True,True
1.8953239917755127,,,,,"{""1000"": 0, ""1001"": 0, ""1002"": 1, ""1003"": 1}",,-20.5,True,,,0.06299326136562224,2,4,,,8,True,0.0,SchedulingOutput,default,1890.312313999857,qaoa_pennylane_lightning.gpu_xy_mixer,5,5,sweep_20260626_152713_c32d7ee9,src/experiments/scenarios/research_b1_layers_sweep.toml,B1.2,QAOA depth sweep [2/7],success,2,,,{},,,,,,,,,"{""1000"": 0, ""1001"": 0, ""1002"": 1, ""1003"": 1}",-20.5,[],"{""1000"": 1, ""1001"": 1, ""1002"": 0, ""1003"": 0}",-20.5,True,"{""1000"": 1, ""1001"": 1, ""1002"": 0, ""1003"": 0}",-20.5,True,True
2.4116954803466797,,,,,"{""1000"": 0, ""1001"": 0, ""1002"": 1, ""1003"": 1}",,-20.5,True,,,0.09174186078484588,2,4,,,8,True,0.0,SchedulingOutput,default,2406.692672999725,qaoa_pennylane_lightning.gpu_xy_mixer,5,1,sweep_20260626_152713_c32d7ee9,src/experiments/scenarios/research_b1_layers_sweep.toml,B1.3,QAOA depth sweep [3/7],success,3,,,{},,,,,,,,,"{""1000"": 0, ""1001"": 0, ""1002"": 1, ""1003"": 1}",-20.5,[],"{""1000"": 1, ""1001"": 1, ""1002"": 0, ""1003"": 0}",-20.5,True,"{""1000"": 1, ""1001"": 1, ""1002"": 0, ""1003"": 0}",-20.5,True,True
2.3996353149414062,,,,,"{""1000"": 0, ""1001"": 0, ""1002"": 1, ""1003"": 1}",,-20.5,True,,,0.09174186078484588,2,4,,,8,True,0.0,SchedulingOutput,default,2394.8604229999546,qaoa_pennylane_lightning.gpu_xy_mixer,5,2,sweep_20260626_152713_c32d7ee9,src/experiments/scenarios/research_b1_layers_sweep.toml,B1.3,QAOA depth sweep [3/7],success,3,,,{},,,,,,,,,"{""1000"": 0, ""1001"": 0, ""1002"": 1, ""1003"": 1}",-20.5,[],"{""1000"": 1, ""1001"": 1, ""1002"": 0, ""1003"": 0}",-20.5,True,"{""1000"": 1, ""1001"": 1, ""1002"": 0, ""1003"": 0}",-20.5,True,True
2.4386887550354004,,,,,"{""1000"": 0, ""1001"": 0, ""1002"": 1, ""1003"": 1}",,-20.5,True,,,0.09174186078484588,2,4,,,8,True,0.0,SchedulingOutput,default,2433.7213009998777,qaoa_pennylane_lightning.gpu_xy_mixer,5,3,sweep_20260626_152713_c32d7ee9,src/experiments/scenarios/research_b1_layers_sweep.toml,B1.3,QAOA depth sweep [3/7],success,3,,,{},,,,,,,,,"{""1000"": 0, ""1001"": 0, ""1002"": 1, ""1003"": 1}",-20.5,[],"{""1000"": 1, ""1001"": 1, ""1002"": 0, ""1003"": 0}",-20.5,True,"{""1000"": 1, ""1001"": 1, ""1002"": 0, ""1003"": 0}",-20.5,True,True
2.5145931243896484,,,,,"{""1000"": 0, ""1001"": 0, ""1002"": 1, ""1003"": 1}",,-20.5,True,,,0.09174186078484588,2,4,,,8,True,0.0,SchedulingOutput,default,2509.9323419999564,qaoa_pennylane_lightning.gpu_xy_mixer,5,4,sweep_20260626_152713_c32d7ee9,src/experiments/scenarios/research_b1_layers_sweep.toml,B1.3,QAOA depth sweep [3/7],success,3,,,{},,,,,,,,,"{""1000"": 0, ""1001"": 0, ""1002"": 1, ""1003"": 1}",-20.5,[],"{""1000"": 1, ""1001"": 1, ""1002"": 0, ""1003"": 0}",-20.5,True,"{""1000"": 1, ""1001"": 1, ""1002"": 0, ""1003"": 0}",-20.5,True,True
2.6063644886016846,,,,,"{""1000"": 0, ""1001"": 0, ""1002"": 1, ""1003"": 1}",,-20.5,True,,,0.09174186078484588,2,4,,,8,True,0.0,SchedulingOutput,default,2600.976171000184,qaoa_pennylane_lightning.gpu_xy_mixer,5,5,sweep_20260626_152713_c32d7ee9,src/experiments/scenarios/research_b1_layers_sweep.toml,B1.3,QAOA depth sweep [3/7],success,3,,,{},,,,,,,,,"{""1000"": 0, ""1001"": 0, ""1002"": 1, ""1003"": 1}",-20.5,[],"{""1000"": 1, ""1001"": 1, ""1002"": 0, ""1003"": 0}",-20.5,True,"{""1000"": 1, ""1001"": 1, ""1002"": 0, ""1003"": 0}",-20.5,True,True
3.236542224884033,,,,,"{""1000"": 1, ""1001"": 1, ""1002"": 0, ""1003"": 0}",,-20.5,True,,,0.08966307829419887,2,4,,,8,True,0.0,SchedulingOutput,default,3231.3417640002626,qaoa_pennylane_lightning.gpu_xy_mixer,5,1,sweep_20260626_152713_c32d7ee9,src/experiments/scenarios/research_b1_layers_sweep.toml,B1.4,QAOA depth sweep [4/7],success,4,,,{},,,,,,,,,"{""1000"": 1, ""1001"": 1, ""1002"": 0, ""1003"": 0}",-20.5,[],"{""1000"": 1, ""1001"": 1, ""1002"": 0, ""1003"": 0}",-20.5,True,"{""1000"": 1, ""1001"": 1, ""1002"": 0, ""1003"": 0}",-20.5,True,True
3.219857931137085,,,,,"{""1000"": 1, ""1001"": 1, ""1002"": 0, ""1003"": 0}",,-20.5,True,,,0.08966307829419887,2,4,,,8,True,0.0,SchedulingOutput,default,3214.6998879998137,qaoa_pennylane_lightning.gpu_xy_mixer,5,2,sweep_20260626_152713_c32d7ee9,src/experiments/scenarios/research_b1_layers_sweep.toml,B1.4,QAOA depth sweep [4/7],success,4,,,{},,,,,,,,,"{""1000"": 1, ""1001"": 1, ""1002"": 0, ""1003"": 0}",-20.5,[],"{""1000"": 1, ""1001"": 1, ""1002"": 0, ""1003"": 0}",-20.5,True,"{""1000"": 1, ""1001"": 1, ""1002"": 0, ""1003"": 0}",-20.5,True,True
3.2278974056243896,,,,,"{""1000"": 1, ""1001"": 1, ""1002"": 0, ""1003"": 0}",,-20.5,True,,,0.08966307829419887,2,4,,,8,True,0.0,SchedulingOutput,default,3223.167526999987,qaoa_pennylane_lightning.gpu_xy_mixer,5,3,sweep_20260626_152713_c32d7ee9,src/experiments/scenarios/research_b1_layers_sweep.toml,B1.4,QAOA depth sweep [4/7],success,4,,,{},,,,,,,,,"{""1000"": 1, ""1001"": 1, ""1002"": 0, ""1003"": 0}",-20.5,[],"{""1000"": 1, ""1001"": 1, ""1002"": 0, ""1003"": 0}",-20.5,True,"{""1000"": 1, ""1001"": 1, ""1002"": 0, ""1003"": 0}",-20.5,True,True
3.10282564163208,,,,,"{""1000"": 1, ""1001"": 1, ""1002"": 0, ""1003"": 0}",,-20.5,True,,,0.08966307829419887,2,4,,,8,True,0.0,SchedulingOutput,default,3098.1690760004312,qaoa_pennylane_lightning.gpu_xy_mixer,5,4,sweep_20260626_152713_c32d7ee9,src/experiments/scenarios/research_b1_layers_sweep.toml,B1.4,QAOA depth sweep [4/7],success,4,,,{},,,,,,,,,"{""1000"": 1, ""1001"": 1, ""1002"": 0, ""1003"": 0}",-20.5,[],"{""1000"": 1, ""1001"": 1, ""1002"": 0, ""1003"": 0}",-20.5,True,"{""1000"": 1, ""1001"": 1, ""1002"": 0, ""1003"": 0}",-20.5,True,True
3.08541202545166,,,,,"{""1000"": 1, ""1001"": 1, ""1002"": 0, ""1003"": 0}",,-20.5,True,,,0.08966307829419887,2,4,,,8,True,0.0,SchedulingOutput,default,3080.6115679997674,qaoa_pennylane_lightning.gpu_xy_mixer,5,5,sweep_20260626_152713_c32d7ee9,src/experiments/scenarios/research_b1_layers_sweep.toml,B1.4,QAOA depth sweep [4/7],success,4,,,{},,,,,,,,,"{""1000"": 1, ""1001"": 1, ""1002"": 0, ""1003"": 0}",-20.5,[],"{""1000"": 1, ""1001"": 1, ""1002"": 0, ""1003"": 0}",-20.5,True,"{""1000"": 1, ""1001"": 1, ""1002"": 0, ""1003"": 0}",-20.5,True,True
3.7722127437591553,,,,,"{""1000"": 1, ""1001"": 1, ""1002"": 0, ""1003"": 0}",,-20.5,True,,,0.10998112222687682,2,4,,,8,True,0.0,SchedulingOutput,default,3767.294154999945,qaoa_pennylane_lightning.gpu_xy_mixer,5,1,sweep_20260626_152713_c32d7ee9,src/experiments/scenarios/research_b1_layers_sweep.toml,B1.5,QAOA depth sweep [5/7],success,5,,,{},,,,,,,,,"{""1000"": 1, ""1001"": 1, ""1002"": 0, ""1003"": 0}",-20.5,[],"{""1000"": 1, ""1001"": 1, ""1002"": 0, ""1003"": 0}",-20.5,True,"{""1000"": 1, ""1001"": 1, ""1002"": 0, ""1003"": 0}",-20.5,True,True
3.7908926010131836,,,,,"{""1000"": 1, ""1001"": 1, ""1002"": 0, ""1003"": 0}",,-20.5,True,,,0.10998112222687682,2,4,,,8,True,0.0,SchedulingOutput,default,3786.189827999806,qaoa_pennylane_lightning.gpu_xy_mixer,5,2,sweep_20260626_152713_c32d7ee9,src/experiments/scenarios/research_b1_layers_sweep.toml,B1.5,QAOA depth sweep [5/7],success,5,,,{},,,,,,,,,"{""1000"": 1, ""1001"": 1, ""1002"": 0, ""1003"": 0}",-20.5,[],"{""1000"": 1, ""1001"": 1, ""1002"": 0, ""1003"": 0}",-20.5,True,"{""1000"": 1, ""1001"": 1, ""1002"": 0, ""1003"": 0}",-20.5,True,True
3.7504820823669434,,,,,"{""1000"": 1, ""1001"": 1, ""1002"": 0, ""1003"": 0}",,-20.5,True,,,0.10998112222687682,2,4,,,8,True,0.0,SchedulingOutput,default,3745.4766840000957,qaoa_pennylane_lightning.gpu_xy_mixer,5,3,sweep_20260626_152713_c32d7ee9,src/experiments/scenarios/research_b1_layers_sweep.toml,B1.5,QAOA depth sweep [5/7],success,5,,,{},,,,,,,,,"{""1000"": 1, ""1001"": 1, ""1002"": 0, ""1003"": 0}",-20.5,[],"{""1000"": 1, ""1001"": 1, ""1002"": 0, ""1003"": 0}",-20.5,True,"{""1000"": 1, ""1001"": 1, ""1002"": 0, ""1003"": 0}",-20.5,True,True
3.783729076385498,,,,,"{""1000"": 1, ""1001"": 1, ""1002"": 0, ""1003"": 0}",,-20.5,True,,,0.10998112222687682,2,4,,,8,True,0.0,SchedulingOutput,default,3778.861913000128,qaoa_pennylane_lightning.gpu_xy_mixer,5,4,sweep_20260626_152713_c32d7ee9,src/experiments/scenarios/research_b1_layers_sweep.toml,B1.5,QAOA depth sweep [5/7],success,5,,,{},,,,,,,,,"{""1000"": 1, ""1001"": 1, ""1002"": 0, ""1003"": 0}",-20.5,[],"{""1000"": 1, ""1001"": 1, ""1002"": 0, ""1003"": 0}",-20.5,True,"{""1000"": 1, ""1001"": 1, ""1002"": 0, ""1003"": 0}",-20.5,True,True
3.725958824157715,,,,,"{""1000"": 1, ""1001"": 1, ""1002"": 0, ""1003"": 0}",,-20.5,True,,,0.10998112222687682,2,4,,,8,True,0.0,SchedulingOutput,default,3719.638049000423,qaoa_pennylane_lightning.gpu_xy_mixer,5,5,sweep_20260626_152713_c32d7ee9,src/experiments/scenarios/research_b1_layers_sweep.toml,B1.5,QAOA depth sweep [5/7],success,5,,,{},,,,,,,,,"{""1000"": 1, ""1001"": 1, ""1002"": 0, ""1003"": 0}",-20.5,[],"{""1000"": 1, ""1001"": 1, ""1002"": 0, ""1003"": 0}",-20.5,True,"{""1000"": 1, ""1001"": 1, ""1002"": 0, ""1003"": 0}",-20.5,True,True
4.534608364105225,,,,,"{""1000"": 0, ""1001"": 0, ""1002"": 1, ""1003"": 1}",,-20.5,True,,,0.09372489570877728,2,4,,,8,True,0.0,SchedulingOutput,default,4529.940902999897,qaoa_pennylane_lightning.gpu_xy_mixer,5,1,sweep_20260626_152713_c32d7ee9,src/experiments/scenarios/research_b1_layers_sweep.toml,B1.6,QAOA depth sweep [6/7],success,6,,,{},,,,,,,,,"{""1000"": 0, ""1001"": 0, ""1002"": 1, ""1003"": 1}",-20.5,[],"{""1000"": 1, ""1001"": 1, ""1002"": 0, ""1003"": 0}",-20.5,True,"{""1000"": 1, ""1001"": 1, ""1002"": 0, ""1003"": 0}",-20.5,True,True
4.453856706619263,,,,,"{""1000"": 0, ""1001"": 0, ""1002"": 1, ""1003"": 1}",,-20.5,True,,,0.09372489570877728,2,4,,,8,True,0.0,SchedulingOutput,default,4448.90816599991,qaoa_pennylane_lightning.gpu_xy_mixer,5,2,sweep_20260626_152713_c32d7ee9,src/experiments/scenarios/research_b1_layers_sweep.toml,B1.6,QAOA depth sweep [6/7],success,6,,,{},,,,,,,,,"{""1000"": 0, ""1001"": 0, ""1002"": 1, ""1003"": 1}",-20.5,[],"{""1000"": 1, ""1001"": 1, ""1002"": 0, ""1003"": 0}",-20.5,True,"{""1000"": 1, ""1001"": 1, ""1002"": 0, ""1003"": 0}",-20.5,True,True
4.338769435882568,,,,,"{""1000"": 0, ""1001"": 0, ""1002"": 1, ""1003"": 1}",,-20.5,True,,,0.09372489570877728,2,4,,,8,True,0.0,SchedulingOutput,default,4333.672707999995,qaoa_pennylane_lightning.gpu_xy_mixer,5,3,sweep_20260626_152713_c32d7ee9,src/experiments/scenarios/research_b1_layers_sweep.toml,B1.6,QAOA depth sweep [6/7],success,6,,,{},,,,,,,,,"{""1000"": 0, ""1001"": 0, ""1002"": 1, ""1003"": 1}",-20.5,[],"{""1000"": 1, ""1001"": 1, ""1002"": 0, ""1003"": 0}",-20.5,True,"{""1000"": 1, ""1001"": 1, ""1002"": 0, ""1003"": 0}",-20.5,True,True
4.3988401889801025,,,,,"{""1000"": 0, ""1001"": 0, ""1002"": 1, ""1003"": 1}",,-20.5,True,,,0.09372489570877728,2,4,,,8,True,0.0,SchedulingOutput,default,4394.149997000113,qaoa_pennylane_lightning.gpu_xy_mixer,5,4,sweep_20260626_152713_c32d7ee9,src/experiments/scenarios/research_b1_layers_sweep.toml,B1.6,QAOA depth sweep [6/7],success,6,,,{},,,,,,,,,"{""1000"": 0, ""1001"": 0, ""1002"": 1, ""1003"": 1}",-20.5,[],"{""1000"": 1, ""1001"": 1, ""1002"": 0, ""1003"": 0}",-20.5,True,"{""1000"": 1, ""1001"": 1, ""1002"": 0, ""1003"": 0}",-20.5,True,True
4.255873918533325,,,,,"{""1000"": 0, ""1001"": 0, ""1002"": 1, ""1003"": 1}",,-20.5,True,,,0.09372489570877728,2,4,,,8,True,0.0,SchedulingOutput,default,4251.127847000134,qaoa_pennylane_lightning.gpu_xy_mixer,5,5,sweep_20260626_152713_c32d7ee9,src/experiments/scenarios/research_b1_layers_sweep.toml,B1.6,QAOA depth sweep [6/7],success,6,,,{},,,,,,,,,"{""1000"": 0, ""1001"": 0, ""1002"": 1, ""1003"": 1}",-20.5,[],"{""1000"": 1, ""1001"": 1, ""1002"": 0, ""1003"": 0}",-20.5,True,"{""1000"": 1, ""1001"": 1, ""1002"": 0, ""1003"": 0}",-20.5,True,True
5.082884073257446,,,,,"{""1000"": 1, ""1001"": 1, ""1002"": 0, ""1003"": 0}",,-20.5,True,,,0.10226474675123358,2,4,,,8,True,0.0,SchedulingOutput,default,5078.167944999677,qaoa_pennylane_lightning.gpu_xy_mixer,5,1,sweep_20260626_152713_c32d7ee9,src/experiments/scenarios/research_b1_layers_sweep.toml,B1.7,QAOA depth sweep [7/7],success,7,,,{},,,,,,,,,"{""1000"": 1, ""1001"": 1, ""1002"": 0, ""1003"": 0}",-20.5,[],"{""1000"": 1, ""1001"": 1, ""1002"": 0, ""1003"": 0}",-20.5,True,"{""1000"": 1, ""1001"": 1, ""1002"": 0, ""1003"": 0}",-20.5,True,True
5.157342910766602,,,,,"{""1000"": 1, ""1001"": 1, ""1002"": 0, ""1003"": 0}",,-20.5,True,,,0.10226474675123358,2,4,,,8,True,0.0,SchedulingOutput,default,5152.383708999878,qaoa_pennylane_lightning.gpu_xy_mixer,5,2,sweep_20260626_152713_c32d7ee9,src/experiments/scenarios/research_b1_layers_sweep.toml,B1.7,QAOA depth sweep [7/7],success,7,,,{},,,,,,,,,"{""1000"": 1, ""1001"": 1, ""1002"": 0, ""1003"": 0}",-20.5,[],"{""1000"": 1, ""1001"": 1, ""1002"": 0, ""1003"": 0}",-20.5,True,"{""1000"": 1, ""1001"": 1, ""1002"": 0, ""1003"": 0}",-20.5,True,True
5.029078722000122,,,,,"{""1000"": 1, ""1001"": 1, ""1002"": 0, ""1003"": 0}",,-20.5,True,,,0.10226474675123358,2,4,,,8,True,0.0,SchedulingOutput,default,5024.135123999713,qaoa_pennylane_lightning.gpu_xy_mixer,5,3,sweep_20260626_152713_c32d7ee9,src/experiments/scenarios/research_b1_layers_sweep.toml,B1.7,QAOA depth sweep [7/7],success,7,,,{},,,,,,,,,"{""1000"": 1, ""1001"": 1, ""1002"": 0, ""1003"": 0}",-20.5,[],"{""1000"": 1, ""1001"": 1, ""1002"": 0, ""1003"": 0}",-20.5,True,"{""1000"": 1, ""1001"": 1, ""1002"": 0, ""1003"": 0}",-20.5,True,True
5.270889759063721,,,,,"{""1000"": 1, ""1001"": 1, ""1002"": 0, ""1003"": 0}",,-20.5,True,,,0.10226474675123358,2,4,,,8,True,0.0,SchedulingOutput,default,5265.827011000056,qaoa_pennylane_lightning.gpu_xy_mixer,5,4,sweep_20260626_152713_c32d7ee9,src/experiments/scenarios/research_b1_layers_sweep.toml,B1.7,QAOA depth sweep [7/7],success,7,,,{},,,,,,,,,"{""1000"": 1, ""1001"": 1, ""1002"": 0, ""1003"": 0}",-20.5,[],"{""1000"": 1, ""1001"": 1, ""1002"": 0, ""1003"": 0}",-20.5,True,"{""1000"": 1, ""1001"": 1, ""1002"": 0, ""1003"": 0}",-20.5,True,True
5.038914918899536,,,,,"{""1000"": 1, ""1001"": 1, ""1002"": 0, ""1003"": 0}",,-20.5,True,,,0.10226474675123358,2,4,,,8,True,0.0,SchedulingOutput,default,5033.938594000119,qaoa_pennylane_lightning.gpu_xy_mixer,5,5,sweep_20260626_152713_c32d7ee9,src/experiments/scenarios/research_b1_layers_sweep.toml,B1.7,QAOA depth sweep [7/7],success,7,,,{},,,,,,,,,"{""1000"": 1, ""1001"": 1, ""1002"": 0, ""1003"": 0}",-20.5,[],"{""1000"": 1, ""1001"": 1, ""1002"": 0, ""1003"": 0}",-20.5,True,"{""1000"": 1, ""1001"": 1, ""1002"": 0, ""1003"": 0}",-20.5,True,True
4.069782257080078,,,,,"{""1000"": 0, ""1001"": 0, ""1002"": 1, ""1003"": 1}",,-0.85,True,,,0.05522753914626644,2,4,,,8,True,0.0,SchedulingOutput,default,2470.648584999708,qaoa_pennylane_lightning.gpu_x_mixer,5,1,sweep_20260626_152916_694c56fc,src/experiments/scenarios/research_c1_penalty_x_sweep.toml,C1.1,Penalty sensitivity with X mixer [1/5],success,,0.0875,,{},,,,,,,,,"{""1000"": 0, ""1001"": 0, ""1002"": 1, ""1003"": 1}",-0.85,[],"{""1000"": 1, ""1001"": 1, ""1002"": 0, ""1003"": 0}",-0.85,True,"{""1000"": 1, ""1001"": 1, ""1002"": 0, ""1003"": 0}",-0.85,True,True
2.1814584732055664,,,,,"{""1000"": 0, ""1001"": 0, ""1002"": 1, ""1003"": 1}",,-0.85,True,,,0.05522753914626644,2,4,,,8,True,0.0,SchedulingOutput,default,2176.6466929998387,qaoa_pennylane_lightning.gpu_x_mixer,5,2,sweep_20260626_152916_694c56fc,src/experiments/scenarios/research_c1_penalty_x_sweep.toml,C1.1,Penalty sensitivity with X mixer [1/5],success,,0.0875,,{},,,,,,,,,"{""1000"": 0, ""1001"": 0, ""1002"": 1, ""1003"": 1}",-0.85,[],"{""1000"": 1, ""1001"": 1, ""1002"": 0, ""1003"": 0}",-0.85,True,"{""1000"": 1, ""1001"": 1, ""1002"": 0, ""1003"": 0}",-0.85,True,True
2.2420616149902344,,,,,"{""1000"": 0, ""1001"": 0, ""1002"": 1, ""1003"": 1}",,-0.85,True,,,0.05522753914626644,2,4,,,8,True,0.0,SchedulingOutput,default,2237.130392999916,qaoa_pennylane_lightning.gpu_x_mixer,5,3,sweep_20260626_152916_694c56fc,src/experiments/scenarios/research_c1_penalty_x_sweep.toml,C1.1,Penalty sensitivity with X mixer [1/5],success,,0.0875,,{},,,,,,,,,"{""1000"": 0, ""1001"": 0, ""1002"": 1, ""1003"": 1}",-0.85,[],"{""1000"": 1, ""1001"": 1, ""1002"": 0, ""1003"": 0}",-0.85,True,"{""1000"": 1, ""1001"": 1, ""1002"": 0, ""1003"": 0}",-0.85,True,True
2.2251393795013428,,,,,"{""1000"": 0, ""1001"": 0, ""1002"": 1, ""1003"": 1}",,-0.85,True,,,0.05522753914626644,2,4,,,8,True,0.0,SchedulingOutput,default,2220.3261569998176,qaoa_pennylane_lightning.gpu_x_mixer,5,4,sweep_20260626_152916_694c56fc,src/experiments/scenarios/research_c1_penalty_x_sweep.toml,C1.1,Penalty sensitivity with X mixer [1/5],success,,0.0875,,{},,,,,,,,,"{""1000"": 0, ""1001"": 0, ""1002"": 1, ""1003"": 1}",-0.85,[],"{""1000"": 1, ""1001"": 1, ""1002"": 0, ""1003"": 0}",-0.85,True,"{""1000"": 1, ""1001"": 1, ""1002"": 0, ""1003"": 0}",-0.85,True,True
2.2592570781707764,,,,,"{""1000"": 0, ""1001"": 0, ""1002"": 1, ""1003"": 1}",,-0.85,True,,,0.05522753914626644,2,4,,,8,True,0.0,SchedulingOutput,default,2254.471229000046,qaoa_pennylane_lightning.gpu_x_mixer,5,5,sweep_20260626_152916_694c56fc,src/experiments/scenarios/research_c1_penalty_x_sweep.toml,C1.1,Penalty sensitivity with X mixer [1/5],success,,0.0875,,{},,,,,,,,,"{""1000"": 0, ""1001"": 0, ""1002"": 1, ""1003"": 1}",-0.85,[],"{""1000"": 1, ""1001"": 1, ""1002"": 0, ""1003"": 0}",-0.85,True,"{""1000"": 1, ""1001"": 1, ""1002"": 0, ""1003"": 0}",-0.85,True,True
2.3018486499786377,,,,,"{""1000"": 0, ""1001"": 0, ""1002"": 1, ""1003"": 1}",,-1.2,True,,,0.08710778525470467,2,4,,,8,True,0.0,SchedulingOutput,default,2296.956010000031,qaoa_pennylane_lightning.gpu_x_mixer,5,1,sweep_20260626_152916_694c56fc,src/experiments/scenarios/research_c1_penalty_x_sweep.toml,C1.2,Penalty sensitivity with X mixer [2/5],success,,0.175,,{},,,,,,,,,"{""1000"": 0, ""1001"": 0, ""1002"": 1, ""1003"": 1}",-1.2,[],"{""1000"": 1, ""1001"": 1, ""1002"": 0, ""1003"": 0}",-1.2,True,"{""1000"": 1, ""1001"": 1, ""1002"": 0, ""1003"": 0}",-1.2,True,True
2.2851083278656006,,,,,"{""1000"": 0, ""1001"": 0, ""1002"": 1, ""1003"": 1}",,-1.2,True,,,0.08710778525470467,2,4,,,8,True,0.0,SchedulingOutput,default,2280.2896950001923,qaoa_pennylane_lightning.gpu_x_mixer,5,2,sweep_20260626_152916_694c56fc,src/experiments/scenarios/research_c1_penalty_x_sweep.toml,C1.2,Penalty sensitivity with X mixer [2/5],success,,0.175,,{},,,,,,,,,"{""1000"": 0, ""1001"": 0, ""1002"": 1, ""1003"": 1}",-1.2,[],"{""1000"": 1, ""1001"": 1, ""1002"": 0, ""1003"": 0}",-1.2,True,"{""1000"": 1, ""1001"": 1, ""1002"": 0, ""1003"": 0}",-1.2,True,True
2.1704022884368896,,,,,"{""1000"": 0, ""1001"": 0, ""1002"": 1, ""1003"": 1}",,-1.2,True,,,0.08710778525470467,2,4,,,8,True,0.0,SchedulingOutput,default,2165.1524450003308,qaoa_pennylane_lightning.gpu_x_mixer,5,3,sweep_20260626_152916_694c56fc,src/experiments/scenarios/research_c1_penalty_x_sweep.toml,C1.2,Penalty sensitivity with X mixer [2/5],success,,0.175,,{},,,,,,,,,"{""1000"": 0, ""1001"": 0, ""1002"": 1, ""1003"": 1}",-1.2,[],"{""1000"": 1, ""1001"": 1, ""1002"": 0, ""1003"": 0}",-1.2,True,"{""1000"": 1, ""1001"": 1, ""1002"": 0, ""1003"": 0}",-1.2,True,True
2.3381741046905518,,,,,"{""1000"": 0, ""1001"": 0, ""1002"": 1, ""1003"": 1}",,-1.2,True,,,0.08710778525470467,2,4,,,8,True,0.0,SchedulingOutput,default,2332.961738999984,qaoa_pennylane_lightning.gpu_x_mixer,5,4,sweep_20260626_152916_694c56fc,src/experiments/scenarios/research_c1_penalty_x_sweep.toml,C1.2,Penalty sensitivity with X mixer [2/5],success,,0.175,,{},,,,,,,,,"{""1000"": 0, ""1001"": 0, ""1002"": 1, ""1003"": 1}",-1.2,[],"{""1000"": 1, ""1001"": 1, ""1002"": 0, ""1003"": 0}",-1.2,True,"{""1000"": 1, ""1001"": 1, ""1002"": 0, ""1003"": 0}",-1.2,True,True
2.1928677558898926,,,,,"{""1000"": 0, ""1001"": 0, ""1002"": 1, ""1003"": 1}",,-1.2,True,,,0.08710778525470467,2,4,,,8,True,0.0,SchedulingOutput,default,2187.97024999958,qaoa_pennylane_lightning.gpu_x_mixer,5,5,sweep_20260626_152916_694c56fc,src/experiments/scenarios/research_c1_penalty_x_sweep.toml,C1.2,Penalty sensitivity with X mixer [2/5],success,,0.175,,{},,,,,,,,,"{""1000"": 0, ""1001"": 0, ""1002"": 1, ""1003"": 1}",-1.2,[],"{""1000"": 1, ""1001"": 1, ""1002"": 0, ""1003"": 0}",-1.2,True,"{""1000"": 1, ""1001"": 1, ""1002"": 0, ""1003"": 0}",-1.2,True,True
2.2532958984375,,,,,"{""1000"": 0, ""1001"": 0, ""1002"": 1, ""1003"": 1}",,-1.9,True,,,0.08940982622022631,2,4,,,8,True,0.0,SchedulingOutput,default,2248.380179999913,qaoa_pennylane_lightning.gpu_x_mixer,5,1,sweep_20260626_152916_694c56fc,src/experiments/scenarios/research_c1_penalty_x_sweep.toml,C1.3,Penalty sensitivity with X mixer [3/5],success,,0.35,,{},,,,,,,,,"{""1000"": 0, ""1001"": 0, ""1002"": 1, ""1003"": 1}",-1.9,[],"{""1000"": 1, ""1001"": 1, ""1002"": 0, ""1003"": 0}",-1.9,True,"{""1000"": 1, ""1001"": 1, ""1002"": 0, ""1003"": 0}",-1.9,True,True
2.201462984085083,,,,,"{""1000"": 0, ""1001"": 0, ""1002"": 1, ""1003"": 1}",,-1.9,True,,,0.08940982622022631,2,4,,,8,True,0.0,SchedulingOutput,default,2196.7678299997715,qaoa_pennylane_lightning.gpu_x_mixer,5,2,sweep_20260626_152916_694c56fc,src/experiments/scenarios/research_c1_penalty_x_sweep.toml,C1.3,Penalty sensitivity with X mixer [3/5],success,,0.35,,{},,,,,,,,,"{""1000"": 0, ""1001"": 0, ""1002"": 1, ""1003"": 1}",-1.9,[],"{""1000"": 1, ""1001"": 1, ""1002"": 0, ""1003"": 0}",-1.9,True,"{""1000"": 1, ""1001"": 1, ""1002"": 0, ""1003"": 0}",-1.9,True,True
2.3060874938964844,,,,,"{""1000"": 0, ""1001"": 0, ""1002"": 1, ""1003"": 1}",,-1.9,True,,,0.08940982622022631,2,4,,,8,True,0.0,SchedulingOutput,default,2301.3534040001105,qaoa_pennylane_lightning.gpu_x_mixer,5,3,sweep_20260626_152916_694c56fc,src/experiments/scenarios/research_c1_penalty_x_sweep.toml,C1.3,Penalty sensitivity with X mixer [3/5],success,,0.35,,{},,,,,,,,,"{""1000"": 0, ""1001"": 0, ""1002"": 1, ""1003"": 1}",-1.9,[],"{""1000"": 1, ""1001"": 1, ""1002"": 0, ""1003"": 0}",-1.9,True,"{""1000"": 1, ""1001"": 1, ""1002"": 0, ""1003"": 0}",-1.9,True,True
2.3792645931243896,,,,,"{""1000"": 0, ""1001"": 0, ""1002"": 1, ""1003"": 1}",,-1.9,True,,,0.08940982622022631,2,4,,,8,True,0.0,SchedulingOutput,default,2374.4305660002283,qaoa_pennylane_lightning.gpu_x_mixer,5,4,sweep_20260626_152916_694c56fc,src/experiments/scenarios/research_c1_penalty_x_sweep.toml,C1.3,Penalty sensitivity with X mixer [3/5],success,,0.35,,{},,,,,,,,,"{""1000"": 0, ""1001"": 0, ""1002"": 1, ""1003"": 1}",-1.9,[],"{""1000"": 1, ""1001"": 1, ""1002"": 0, ""1003"": 0}",-1.9,True,"{""1000"": 1, ""1001"": 1, ""1002"": 0, ""1003"": 0}",-1.9,True,True
2.2925267219543457,,,,,"{""1000"": 0, ""1001"": 0, ""1002"": 1, ""1003"": 1}",,-1.9,True,,,0.08940982622022631,2,4,,,8,True,0.0,SchedulingOutput,default,2287.5997189999,qaoa_pennylane_lightning.gpu_x_mixer,5,5,sweep_20260626_152916_694c56fc,src/experiments/scenarios/research_c1_penalty_x_sweep.toml,C1.3,Penalty sensitivity with X mixer [3/5],success,,0.35,,{},,,,,,,,,"{""1000"": 0, ""1001"": 0, ""1002"": 1, ""1003"": 1}",-1.9,[],"{""1000"": 1, ""1001"": 1, ""1002"": 0, ""1003"": 0}",-1.9,True,"{""1000"": 1, ""1001"": 1, ""1002"": 0, ""1003"": 0}",-1.9,True,True
2.3263227939605713,,,,,"{""1000"": 1, ""1001"": 1, ""1002"": 0, ""1003"": 0}",,-3.3,True,,,0.0812126726496711,2,4,,,8,True,0.0,SchedulingOutput,default,2321.4473709999766,qaoa_pennylane_lightning.gpu_x_mixer,5,1,sweep_20260626_152916_694c56fc,src/experiments/scenarios/research_c1_penalty_x_sweep.toml,C1.4,Penalty sensitivity with X mixer [4/5],success,,0.7,,{},,,,,,,,,"{""1000"": 1, ""1001"": 1, ""1002"": 0, ""1003"": 0}",-3.3,[],"{""1000"": 1, ""1001"": 1, ""1002"": 0, ""1003"": 0}",-3.3,True,"{""1000"": 1, ""1001"": 1, ""1002"": 0, ""1003"": 0}",-3.3,True,True
2.3304638862609863,,,,,"{""1000"": 1, ""1001"": 1, ""1002"": 0, ""1003"": 0}",,-3.3,True,,,0.0812126726496711,2,4,,,8,True,0.0,SchedulingOutput,default,2325.622535000093,qaoa_pennylane_lightning.gpu_x_mixer,5,2,sweep_20260626_152916_694c56fc,src/experiments/scenarios/research_c1_penalty_x_sweep.toml,C1.4,Penalty sensitivity with X mixer [4/5],success,,0.7,,{},,,,,,,,,"{""1000"": 1, ""1001"": 1, ""1002"": 0, ""1003"": 0}",-3.3,[],"{""1000"": 1, ""1001"": 1, ""1002"": 0, ""1003"": 0}",-3.3,True,"{""1000"": 1, ""1001"": 1, ""1002"": 0, ""1003"": 0}",-3.3,True,True
2.3681347370147705,,,,,"{""1000"": 1, ""1001"": 1, ""1002"": 0, ""1003"": 0}",,-3.3,True,,,0.0812126726496711,2,4,,,8,True,0.0,SchedulingOutput,default,2363.094157999967,qaoa_pennylane_lightning.gpu_x_mixer,5,3,sweep_20260626_152916_694c56fc,src/experiments/scenarios/research_c1_penalty_x_sweep.toml,C1.4,Penalty sensitivity with X mixer [4/5],success,,0.7,,{},,,,,,,,,"{""1000"": 1, ""1001"": 1, ""1002"": 0, ""1003"": 0}",-3.3,[],"{""1000"": 1, ""1001"": 1, ""1002"": 0, ""1003"": 0}",-3.3,True,"{""1000"": 1, ""1001"": 1, ""1002"": 0, ""1003"": 0}",-3.3,True,True
2.2819101810455322,,,,,"{""1000"": 1, ""1001"": 1, ""1002"": 0, ""1003"": 0}",,-3.3,True,,,0.0812126726496711,2,4,,,8,True,0.0,SchedulingOutput,default,2277.106885000194,qaoa_pennylane_lightning.gpu_x_mixer,5,4,sweep_20260626_152916_694c56fc,src/experiments/scenarios/research_c1_penalty_x_sweep.toml,C1.4,Penalty sensitivity with X mixer [4/5],success,,0.7,,{},,,,,,,,,"{""1000"": 1, ""1001"": 1, ""1002"": 0, ""1003"": 0}",-3.3,[],"{""1000"": 1, ""1001"": 1, ""1002"": 0, ""1003"": 0}",-3.3,True,"{""1000"": 1, ""1001"": 1, ""1002"": 0, ""1003"": 0}",-3.3,True,True
2.275926351547241,,,,,"{""1000"": 1, ""1001"": 1, ""1002"": 0, ""1003"": 0}",,-3.3,True,,,0.0812126726496711,2,4,,,8,True,0.0,SchedulingOutput,default,2271.2176260001797,qaoa_pennylane_lightning.gpu_x_mixer,5,5,sweep_20260626_152916_694c56fc,src/experiments/scenarios/research_c1_penalty_x_sweep.toml,C1.4,Penalty sensitivity with X mixer [4/5],success,,0.7,,{},,,,,,,,,"{""1000"": 1, ""1001"": 1, ""1002"": 0, ""1003"": 0}",-3.3,[],"{""1000"": 1, ""1001"": 1, ""1002"": 0, ""1003"": 0}",-3.3,True,"{""1000"": 1, ""1001"": 1, ""1002"": 0, ""1003"": 0}",-3.3,True,True
2.178468704223633,,,,,"{""1000"": 0, ""1001"": 0, ""1002"": 1, ""1003"": 1}",,-6.1,True,,,0.07374138343602686,2,4,,,8,True,0.0,SchedulingOutput,default,2173.705483000049,qaoa_pennylane_lightning.gpu_x_mixer,5,1,sweep_20260626_152916_694c56fc,src/experiments/scenarios/research_c1_penalty_x_sweep.toml,C1.5,Penalty sensitivity with X mixer [5/5],success,,1.4,,{},,,,,,,,,"{""1000"": 0, ""1001"": 0, ""1002"": 1, ""1003"": 1}",-6.1,[],"{""1000"": 1, ""1001"": 1, ""1002"": 0, ""1003"": 0}",-6.1,True,"{""1000"": 1, ""1001"": 1, ""1002"": 0, ""1003"": 0}",-6.1,True,True
2.273322582244873,,,,,"{""1000"": 0, ""1001"": 0, ""1002"": 1, ""1003"": 1}",,-6.1,True,,,0.07374138343602686,2,4,,,8,True,0.0,SchedulingOutput,default,2268.213066000044,qaoa_pennylane_lightning.gpu_x_mixer,5,2,sweep_20260626_152916_694c56fc,src/experiments/scenarios/research_c1_penalty_x_sweep.toml,C1.5,Penalty sensitivity with X mixer [5/5],success,,1.4,,{},,,,,,,,,"{""1000"": 0, ""1001"": 0, ""1002"": 1, ""1003"": 1}",-6.1,[],"{""1000"": 1, ""1001"": 1, ""1002"": 0, ""1003"": 0}",-6.1,True,"{""1000"": 1, ""1001"": 1, ""1002"": 0, ""1003"": 0}",-6.1,True,True
2.2748517990112305,,,,,"{""1000"": 0, ""1001"": 0, ""1002"": 1, ""1003"": 1}",,-6.1,True,,,0.07374138343602686,2,4,,,8,True,0.0,SchedulingOutput,default,2269.8577999999543,qaoa_pennylane_lightning.gpu_x_mixer,5,3,sweep_20260626_152916_694c56fc,src/experiments/scenarios/research_c1_penalty_x_sweep.toml,C1.5,Penalty sensitivity with X mixer [5/5],success,,1.4,,{},,,,,,,,,"{""1000"": 0, ""1001"": 0, ""1002"": 1, ""1003"": 1}",-6.1,[],"{""1000"": 1, ""1001"": 1, ""1002"": 0, ""1003"": 0}",-6.1,True,"{""1000"": 1, ""1001"": 1, ""1002"": 0, ""1003"": 0}",-6.1,True,True
2.270573377609253,,,,,"{""1000"": 0, ""1001"": 0, ""1002"": 1, ""1003"": 1}",,-6.1,True,,,0.07374138343602686,2,4,,,8,True,0.0,SchedulingOutput,default,2265.6523660002676,qaoa_pennylane_lightning.gpu_x_mixer,5,4,sweep_20260626_152916_694c56fc,src/experiments/scenarios/research_c1_penalty_x_sweep.toml,C1.5,Penalty sensitivity with X mixer [5/5],success,,1.4,,{},,,,,,,,,"{""1000"": 0, ""1001"": 0, ""1002"": 1, ""1003"": 1}",-6.1,[],"{""1000"": 1, ""1001"": 1, ""1002"": 0, ""1003"": 0}",-6.1,True,"{""1000"": 1, ""1001"": 1, ""1002"": 0, ""1003"": 0}",-6.1,True,True
2.2962300777435303,,,,,"{""1000"": 0, ""1001"": 0, ""1002"": 1, ""1003"": 1}",,-6.1,True,,,0.07374138343602686,2,4,,,8,True,0.0,SchedulingOutput,default,2291.3114110001516,qaoa_pennylane_lightning.gpu_x_mixer,5,5,sweep_20260626_152916_694c56fc,src/experiments/scenarios/research_c1_penalty_x_sweep.toml,C1.5,Penalty sensitivity with X mixer [5/5],success,,1.4,,{},,,,,,,,,"{""1000"": 0, ""1001"": 0, ""1002"": 1, ""1003"": 1}",-6.1,[],"{""1000"": 1, ""1001"": 1, ""1002"": 0, ""1003"": 0}",-6.1,True,"{""1000"": 1, ""1001"": 1, ""1002"": 0, ""1003"": 0}",-6.1,True,True
9.047085523605347,True,,,,"{""1000"": 1, ""1001"": 0, ""1002"": 0, ""1003"": 1, ""1004"": 1, ""1005"": 0, ""1006"": 0, ""1007"": 1}",,-40.9248,True,"[0.6799999999999999, 0.68]",1.1102230246251565e-16,,2,8,4,4,16,True,0.0,IterativeSchedulingOutput,iterative,4777.09948500069,,5,1,sweep_20260626_153039_2c23dc71,src/experiments/scenarios/research_d2_qubit_max_sweep.toml,D2.1,Fixed N sweep qubit_max [1/6],success,,,4,{},,,,,,,,,"{""1000"": 1, ""1001"": 0, ""1002"": 0, ""1003"": 1, ""1004"": 1, ""1005"": 0, ""1006"": 0, ""1007"": 1}",-40.9248,[],"{""1000"": 1, ""1001"": 1, ""1002"": 0, ""1003"": 0, ""1004"": 0, ""1005"": 1, ""1006"": 0, ""1007"": 0}",-40.924800000000005,True,"{""1000"": 1, ""1001"": 1, ""1002"": 0, ""1003"": 0, ""1004"": 0, ""1005"": 1, ""1006"": 0, ""1007"": 0}",-40.924800000000005,True,True
7.030764102935791,True,,,,"{""1000"": 1, ""1001"": 0, ""1002"": 0, ""1003"": 1, ""1004"": 1, ""1005"": 0, ""1006"": 0, ""1007"": 1}",,-40.9248,True,"[0.6799999999999999, 0.68]",1.1102230246251565e-16,,2,8,4,4,16,True,0.0,IterativeSchedulingOutput,iterative,4377.028193999195,,5,2,sweep_20260626_153039_2c23dc71,src/experiments/scenarios/research_d2_qubit_max_sweep.toml,D2.1,Fixed N sweep qubit_max [1/6],success,,,4,{},,,,,,,,,"{""1000"": 1, ""1001"": 0, ""1002"": 0, ""1003"": 1, ""1004"": 1, ""1005"": 0, ""1006"": 0, ""1007"": 1}",-40.9248,[],"{""1000"": 1, ""1001"": 1, ""1002"": 0, ""1003"": 0, ""1004"": 0, ""1005"": 1, ""1006"": 0, ""1007"": 0}",-40.924800000000005,True,"{""1000"": 1, ""1001"": 1, ""1002"": 0, ""1003"": 0, ""1004"": 0, ""1005"": 1, ""1006"": 0, ""1007"": 0}",-40.924800000000005,True,True
7.193475961685181,True,,,,"{""1000"": 1, ""1001"": 0, ""1002"": 0, ""1003"": 1, ""1004"": 1, ""1005"": 0, ""1006"": 0, ""1007"": 1}",,-40.9248,True,"[0.6799999999999999, 0.68]",1.1102230246251565e-16,,2,8,4,4,16,True,0.0,IterativeSchedulingOutput,iterative,4518.3574610000505,,5,3,sweep_20260626_153039_2c23dc71,src/experiments/scenarios/research_d2_qubit_max_sweep.toml,D2.1,Fixed N sweep qubit_max [1/6],success,,,4,{},,,,,,,,,"{""1000"": 1, ""1001"": 0, ""1002"": 0, ""1003"": 1, ""1004"": 1, ""1005"": 0, ""1006"": 0, ""1007"": 1}",-40.9248,[],"{""1000"": 1, ""1001"": 1, ""1002"": 0, ""1003"": 0, ""1004"": 0, ""1005"": 1, ""1006"": 0, ""1007"": 0}",-40.924800000000005,True,"{""1000"": 1, ""1001"": 1, ""1002"": 0, ""1003"": 0, ""1004"": 0, ""1005"": 1, ""1006"": 0, ""1007"": 0}",-40.924800000000005,True,True
7.182000637054443,True,,,,"{""1000"": 1, ""1001"": 0, ""1002"": 0, ""1003"": 1, ""1004"": 1, ""1005"": 0, ""1006"": 0, ""1007"": 1}",,-40.9248,True,"[0.6799999999999999, 0.68]",1.1102230246251565e-16,,2,8,4,4,16,True,0.0,IterativeSchedulingOutput,iterative,4547.121745000368,,5,4,sweep_20260626_153039_2c23dc71,src/experiments/scenarios/research_d2_qubit_max_sweep.toml,D2.1,Fixed N sweep qubit_max [1/6],success,,,4,{},,,,,,,,,"{""1000"": 1, ""1001"": 0, ""1002"": 0, ""1003"": 1, ""1004"": 1, ""1005"": 0, ""1006"": 0, ""1007"": 1}",-40.9248,[],"{""1000"": 1, ""1001"": 1, ""1002"": 0, ""1003"": 0, ""1004"": 0, ""1005"": 1, ""1006"": 0, ""1007"": 0}",-40.924800000000005,True,"{""1000"": 1, ""1001"": 1, ""1002"": 0, ""1003"": 0, ""1004"": 0, ""1005"": 1, ""1006"": 0, ""1007"": 0}",-40.924800000000005,True,True
7.155254125595093,True,,,,"{""1000"": 1, ""1001"": 0, ""1002"": 0, ""1003"": 1, ""1004"": 1, ""1005"": 0, ""1006"": 0, ""1007"": 1}",,-40.9248,True,"[0.6799999999999999, 0.68]",1.1102230246251565e-16,,2,8,4,4,16,True,0.0,IterativeSchedulingOutput,iterative,4531.8474139999125,,5,5,sweep_20260626_153039_2c23dc71,src/experiments/scenarios/research_d2_qubit_max_sweep.toml,D2.1,Fixed N sweep qubit_max [1/6],success,,,4,{},,,,,,,,,"{""1000"": 1, ""1001"": 0, ""1002"": 0, ""1003"": 1, ""1004"": 1, ""1005"": 0, ""1006"": 0, ""1007"": 1}",-40.9248,[],"{""1000"": 1, ""1001"": 1, ""1002"": 0, ""1003"": 0, ""1004"": 0, ""1005"": 1, ""1006"": 0, ""1007"": 0}",-40.924800000000005,True,"{""1000"": 1, ""1001"": 1, ""1002"": 0, ""1003"": 0, ""1004"": 0, ""1005"": 1, ""1006"": 0, ""1007"": 0}",-40.924800000000005,True,True
6.94365382194519,True,,,,"{""1000"": 0, ""1001"": 1, ""1002"": 1, ""1003"": 0, ""1004"": 0, ""1005"": 1, ""1006"": 1, ""1007"": 0}",,-40.9248,True,"[0.68, 0.6799999999999999]",1.1102230246251565e-16,,2,8,3,3,16,True,0.0,IterativeSchedulingOutput,iterative,4394.355590000032,,5,1,sweep_20260626_153039_2c23dc71,src/experiments/scenarios/research_d2_qubit_max_sweep.toml,D2.2,Fixed N sweep qubit_max [2/6],success,,,6,{},,,,,,,,,"{""1000"": 0, ""1001"": 1, ""1002"": 1, ""1003"": 0, ""1004"": 0, ""1005"": 1, ""1006"": 1, ""1007"": 0}",-40.9248,[],"{""1000"": 1, ""1001"": 1, ""1002"": 0, ""1003"": 0, ""1004"": 0, ""1005"": 1, ""1006"": 0, ""1007"": 0}",-40.924800000000005,True,"{""1000"": 1, ""1001"": 1, ""1002"": 0, ""1003"": 0, ""1004"": 0, ""1005"": 1, ""1006"": 0, ""1007"": 0}",-40.924800000000005,True,True
7.238036155700684,True,,,,"{""1000"": 0, ""1001"": 1, ""1002"": 1, ""1003"": 0, ""1004"": 0, ""1005"": 1, ""1006"": 1, ""1007"": 0}",,-40.9248,True,"[0.68, 0.6799999999999999]",1.1102230246251565e-16,,2,8,3,3,16,True,0.0,IterativeSchedulingOutput,iterative,4596.427577999748,,5,2,sweep_20260626_153039_2c23dc71,src/experiments/scenarios/research_d2_qubit_max_sweep.toml,D2.2,Fixed N sweep qubit_max [2/6],success,,,6,{},,,,,,,,,"{""1000"": 0, ""1001"": 1, ""1002"": 1, ""1003"": 0, ""1004"": 0, ""1005"": 1, ""1006"": 1, ""1007"": 0}",-40.9248,[],"{""1000"": 1, ""1001"": 1, ""1002"": 0, ""1003"": 0, ""1004"": 0, ""1005"": 1, ""1006"": 0, ""1007"": 0}",-40.924800000000005,True,"{""1000"": 1, ""1001"": 1, ""1002"": 0, ""1003"": 0, ""1004"": 0, ""1005"": 1, ""1006"": 0, ""1007"": 0}",-40.924800000000005,True,True
6.925229787826538,True,,,,"{""1000"": 0, ""1001"": 1, ""1002"": 1, ""1003"": 0, ""1004"": 0, ""1005"": 1, ""1006"": 1, ""1007"": 0}",,-40.9248,True,"[0.68, 0.6799999999999999]",1.1102230246251565e-16,,2,8,3,3,16,True,0.0,IterativeSchedulingOutput,iterative,4405.754368000089,,5,3,sweep_20260626_153039_2c23dc71,src/experiments/scenarios/research_d2_qubit_max_sweep.toml,D2.2,Fixed N sweep qubit_max [2/6],success,,,6,{},,,,,,,,,"{""1000"": 0, ""1001"": 1, ""1002"": 1, ""1003"": 0, ""1004"": 0, ""1005"": 1, ""1006"": 1, ""1007"": 0}",-40.9248,[],"{""1000"": 1, ""1001"": 1, ""1002"": 0, ""1003"": 0, ""1004"": 0, ""1005"": 1, ""1006"": 0, ""1007"": 0}",-40.924800000000005,True,"{""1000"": 1, ""1001"": 1, ""1002"": 0, ""1003"": 0, ""1004"": 0, ""1005"": 1, ""1006"": 0, ""1007"": 0}",-40.924800000000005,True,True
7.466723442077637,True,,,,"{""1000"": 0, ""1001"": 1, ""1002"": 1, ""1003"": 0, ""1004"": 0, ""1005"": 1, ""1006"": 1, ""1007"": 0}",,-40.9248,True,"[0.68, 0.6799999999999999]",1.1102230246251565e-16,,2,8,3,3,16,True,0.0,IterativeSchedulingOutput,iterative,4727.963863999776,,5,4,sweep_20260626_153039_2c23dc71,src/experiments/scenarios/research_d2_qubit_max_sweep.toml,D2.2,Fixed N sweep qubit_max [2/6],success,,,6,{},,,,,,,,,"{""1000"": 0, ""1001"": 1, ""1002"": 1, ""1003"": 0, ""1004"": 0, ""1005"": 1, ""1006"": 1, ""1007"": 0}",-40.9248,[],"{""1000"": 1, ""1001"": 1, ""1002"": 0, ""1003"": 0, ""1004"": 0, ""1005"": 1, ""1006"": 0, ""1007"": 0}",-40.924800000000005,True,"{""1000"": 1, ""1001"": 1, ""1002"": 0, ""1003"": 0, ""1004"": 0, ""1005"": 1, ""1006"": 0, ""1007"": 0}",-40.924800000000005,True,True
7.188585042953491,True,,,,"{""1000"": 0, ""1001"": 1, ""1002"": 1, ""1003"": 0, ""1004"": 0, ""1005"": 1, ""1006"": 1, ""1007"": 0}",,-40.9248,True,"[0.68, 0.6799999999999999]",1.1102230246251565e-16,,2,8,3,3,16,True,0.0,IterativeSchedulingOutput,iterative,4609.538402999988,,5,5,sweep_20260626_153039_2c23dc71,src/experiments/scenarios/research_d2_qubit_max_sweep.toml,D2.2,Fixed N sweep qubit_max [2/6],success,,,6,{},,,,,,,,,"{""1000"": 0, ""1001"": 1, ""1002"": 1, ""1003"": 0, ""1004"": 0, ""1005"": 1, ""1006"": 1, ""1007"": 0}",-40.9248,[],"{""1000"": 1, ""1001"": 1, ""1002"": 0, ""1003"": 0, ""1004"": 0, ""1005"": 1, ""1006"": 0, ""1007"": 0}",-40.924800000000005,True,"{""1000"": 1, ""1001"": 1, ""1002"": 0, ""1003"": 0, ""1004"": 0, ""1005"": 1, ""1006"": 0, ""1007"": 0}",-40.924800000000005,True,True
7.324446201324463,True,,,,"{""1000"": 0, ""1001"": 1, ""1002"": 1, ""1003"": 0, ""1004"": 0, ""1005"": 1, ""1006"": 1, ""1007"": 0}",,-40.9248,True,"[0.68, 0.6799999999999999]",1.1102230246251565e-16,,2,8,2,2,16,True,0.0,IterativeSchedulingOutput,iterative,4825.94412699973,,5,1,sweep_20260626_153039_2c23dc71,src/experiments/scenarios/research_d2_qubit_max_sweep.toml,D2.3,Fixed N sweep qubit_max [3/6],success,,,8,{},,,,,,,,,"{""1000"": 0, ""1001"": 1, ""1002"": 1, ""1003"": 0, ""1004"": 0, ""1005"": 1, ""1006"": 1, ""1007"": 0}",-40.9248,[],"{""1000"": 1, ""1001"": 1, ""1002"": 0, ""1003"": 0, ""1004"": 0, ""1005"": 1, ""1006"": 0, ""1007"": 0}",-40.924800000000005,True,"{""1000"": 1, ""1001"": 1, ""1002"": 0, ""1003"": 0, ""1004"": 0, ""1005"": 1, ""1006"": 0, ""1007"": 0}",-40.924800000000005,True,True
7.451605319976807,True,,,,"{""1000"": 0, ""1001"": 1, ""1002"": 1, ""1003"": 0, ""1004"": 0, ""1005"": 1, ""1006"": 1, ""1007"": 0}",,-40.9248,True,"[0.68, 0.6799999999999999]",1.1102230246251565e-16,,2,8,2,2,16,True,0.0,IterativeSchedulingOutput,iterative,4879.509653999776,,5,2,sweep_20260626_153039_2c23dc71,src/experiments/scenarios/research_d2_qubit_max_sweep.toml,D2.3,Fixed N sweep qubit_max [3/6],success,,,8,{},,,,,,,,,"{""1000"": 0, ""1001"": 1, ""1002"": 1, ""1003"": 0, ""1004"": 0, ""1005"": 1, ""1006"": 1, ""1007"": 0}",-40.9248,[],"{""1000"": 1, ""1001"": 1, ""1002"": 0, ""1003"": 0, ""1004"": 0, ""1005"": 1, ""1006"": 0, ""1007"": 0}",-40.924800000000005,True,"{""1000"": 1, ""1001"": 1, ""1002"": 0, ""1003"": 0, ""1004"": 0, ""1005"": 1, ""1006"": 0, ""1007"": 0}",-40.924800000000005,True,True
7.652125597000122,True,,,,"{""1000"": 0, ""1001"": 1, ""1002"": 1, ""1003"": 0, ""1004"": 0, ""1005"": 1, ""1006"": 1, ""1007"": 0}",,-40.9248,True,"[0.68, 0.6799999999999999]",1.1102230246251565e-16,,2,8,2,2,16,True,0.0,IterativeSchedulingOutput,iterative,5113.233427000523,,5,3,sweep_20260626_153039_2c23dc71,src/experiments/scenarios/research_d2_qubit_max_sweep.toml,D2.3,Fixed N sweep qubit_max [3/6],success,,,8,{},,,,,,,,,"{""1000"": 0, ""1001"": 1, ""1002"": 1, ""1003"": 0, ""1004"": 0, ""1005"": 1, ""1006"": 1, ""1007"": 0}",-40.9248,[],"{""1000"": 1, ""1001"": 1, ""1002"": 0, ""1003"": 0, ""1004"": 0, ""1005"": 1, ""1006"": 0, ""1007"": 0}",-40.924800000000005,True,"{""1000"": 1, ""1001"": 1, ""1002"": 0, ""1003"": 0, ""1004"": 0, ""1005"": 1, ""1006"": 0, ""1007"": 0}",-40.924800000000005,True,True
7.306953430175781,True,,,,"{""1000"": 0, ""1001"": 1, ""1002"": 1, ""1003"": 0, ""1004"": 0, ""1005"": 1, ""1006"": 1, ""1007"": 0}",,-40.9248,True,"[0.68, 0.6799999999999999]",1.1102230246251565e-16,,2,8,2,2,16,True,0.0,IterativeSchedulingOutput,iterative,4557.669239999996,,5,4,sweep_20260626_153039_2c23dc71,src/experiments/scenarios/research_d2_qubit_max_sweep.toml,D2.3,Fixed N sweep qubit_max [3/6],success,,,8,{},,,,,,,,,"{""1000"": 0, ""1001"": 1, ""1002"": 1, ""1003"": 0, ""1004"": 0, ""1005"": 1, ""1006"": 1, ""1007"": 0}",-40.9248,[],"{""1000"": 1, ""1001"": 1, ""1002"": 0, ""1003"": 0, ""1004"": 0, ""1005"": 1, ""1006"": 0, ""1007"": 0}",-40.924800000000005,True,"{""1000"": 1, ""1001"": 1, ""1002"": 0, ""1003"": 0, ""1004"": 0, ""1005"": 1, ""1006"": 0, ""1007"": 0}",-40.924800000000005,True,True
6.976361036300659,True,,,,"{""1000"": 0, ""1001"": 1, ""1002"": 1, ""1003"": 0, ""1004"": 0, ""1005"": 1, ""1006"": 1, ""1007"": 0}",,-40.9248,True,"[0.68, 0.6799999999999999]",1.1102230246251565e-16,,2,8,2,2,16,True,0.0,IterativeSchedulingOutput,iterative,4508.711150000636,,5,5,sweep_20260626_153039_2c23dc71,src/experiments/scenarios/research_d2_qubit_max_sweep.toml,D2.3,Fixed N sweep qubit_max [3/6],success,,,8,{},,,,,,,,,"{""1000"": 0, ""1001"": 1, ""1002"": 1, ""1003"": 0, ""1004"": 0, ""1005"": 1, ""1006"": 1, ""1007"": 0}",-40.9248,[],"{""1000"": 1, ""1001"": 1, ""1002"": 0, ""1003"": 0, ""1004"": 0, ""1005"": 1, ""1006"": 0, ""1007"": 0}",-40.924800000000005,True,"{""1000"": 1, ""1001"": 1, ""1002"": 0, ""1003"": 0, ""1004"": 0, ""1005"": 1, ""1006"": 0, ""1007"": 0}",-40.924800000000005,True,True
7.343818187713623,True,,,,"{""1000"": 0, ""1001"": 0, ""1002"": 1, ""1003"": 1, ""1004"": 1, ""1005"": 0, ""1006"": 1, ""1007"": 1}",,-40.924800000000005,True,"[0.68, 0.68]",0.0,,2,8,2,2,16,True,0.0,IterativeSchedulingOutput,iterative,4807.954238000093,,5,1,sweep_20260626_153039_2c23dc71,src/experiments/scenarios/research_d2_qubit_max_sweep.toml,D2.4,Fixed N sweep qubit_max [4/6],success,,,10,{},,,,,,,,,"{""1000"": 0, ""1001"": 0, ""1002"": 1, ""1003"": 1, ""1004"": 1, ""1005"": 0, ""1006"": 1, ""1007"": 1}",-40.924800000000005,[],"{""1000"": 1, ""1001"": 1, ""1002"": 0, ""1003"": 0, ""1004"": 0, ""1005"": 1, ""1006"": 0, ""1007"": 0}",-40.924800000000005,True,"{""1000"": 1, ""1001"": 1, ""1002"": 0, ""1003"": 0, ""1004"": 0, ""1005"": 1, ""1006"": 0, ""1007"": 0}",-40.924800000000005,True,True
7.262304067611694,True,,,,"{""1000"": 0, ""1001"": 0, ""1002"": 1, ""1003"": 1, ""1004"": 1, ""1005"": 0, ""1006"": 1, ""1007"": 1}",,-40.924800000000005,True,"[0.68, 0.68]",0.0,,2,8,2,2,16,True,0.0,IterativeSchedulingOutput,iterative,4810.332586000186,,5,2,sweep_20260626_153039_2c23dc71,src/experiments/scenarios/research_d2_qubit_max_sweep.toml,D2.4,Fixed N sweep qubit_max [4/6],success,,,10,{},,,,,,,,,"{""1000"": 0, ""1001"": 0, ""1002"": 1, ""1003"": 1, ""1004"": 1, ""1005"": 0, ""1006"": 1, ""1007"": 1}",-40.924800000000005,[],"{""1000"": 1, ""1001"": 1, ""1002"": 0, ""1003"": 0, ""1004"": 0, ""1005"": 1, ""1006"": 0, ""1007"": 0}",-40.924800000000005,True,"{""1000"": 1, ""1001"": 1, ""1002"": 0, ""1003"": 0, ""1004"": 0, ""1005"": 1, ""1006"": 0, ""1007"": 0}",-40.924800000000005,True,True
7.081685543060303,True,,,,"{""1000"": 0, ""1001"": 0, ""1002"": 1, ""1003"": 1, ""1004"": 1, ""1005"": 0, ""1006"": 1, ""1007"": 1}",,-40.924800000000005,True,"[0.68, 0.68]",0.0,,2,8,2,2,16,True,0.0,IterativeSchedulingOutput,iterative,4655.3769440001815,,5,3,sweep_20260626_153039_2c23dc71,src/experiments/scenarios/research_d2_qubit_max_sweep.toml,D2.4,Fixed N sweep qubit_max [4/6],success,,,10,{},,,,,,,,,"{""1000"": 0, ""1001"": 0, ""1002"": 1, ""1003"": 1, ""1004"": 1, ""1005"": 0, ""1006"": 1, ""1007"": 1}",-40.924800000000005,[],"{""1000"": 1, ""1001"": 1, ""1002"": 0, ""1003"": 0, ""1004"": 0, ""1005"": 1, ""1006"": 0, ""1007"": 0}",-40.924800000000005,True,"{""1000"": 1, ""1001"": 1, ""1002"": 0, ""1003"": 0, ""1004"": 0, ""1005"": 1, ""1006"": 0, ""1007"": 0}",-40.924800000000005,True,True
7.601982355117798,True,,,,"{""1000"": 0, ""1001"": 0, ""1002"": 1, ""1003"": 1, ""1004"": 1, ""1005"": 0, ""1006"": 1, ""1007"": 1}",,-40.924800000000005,True,"[0.68, 0.68]",0.0,,2,8,2,2,16,True,0.0,IterativeSchedulingOutput,iterative,5048.974843999986,,5,4,sweep_20260626_153039_2c23dc71,src/experiments/scenarios/research_d2_qubit_max_sweep.toml,D2.4,Fixed N sweep qubit_max [4/6],success,,,10,{},,,,,,,,,"{""1000"": 0, ""1001"": 0, ""1002"": 1, ""1003"": 1, ""1004"": 1, ""1005"": 0, ""1006"": 1, ""1007"": 1}",-40.924800000000005,[],"{""1000"": 1, ""1001"": 1, ""1002"": 0, ""1003"": 0, ""1004"": 0, ""1005"": 1, ""1006"": 0, ""1007"": 0}",-40.924800000000005,True,"{""1000"": 1, ""1001"": 1, ""1002"": 0, ""1003"": 0, ""1004"": 0, ""1005"": 1, ""1006"": 0, ""1007"": 0}",-40.924800000000005,True,True
7.120670557022095,True,,,,"{""1000"": 0, ""1001"": 0, ""1002"": 1, ""1003"": 1, ""1004"": 1, ""1005"": 0, ""1006"": 1, ""1007"": 1}",,-40.924800000000005,True,"[0.68, 0.68]",0.0,,2,8,2,2,16,True,0.0,IterativeSchedulingOutput,iterative,4639.925603000393,,5,5,sweep_20260626_153039_2c23dc71,src/experiments/scenarios/research_d2_qubit_max_sweep.toml,D2.4,Fixed N sweep qubit_max [4/6],success,,,10,{},,,,,,,,,"{""1000"": 0, ""1001"": 0, ""1002"": 1, ""1003"": 1, ""1004"": 1, ""1005"": 0, ""1006"": 1, ""1007"": 1}",-40.924800000000005,[],"{""1000"": 1, ""1001"": 1, ""1002"": 0, ""1003"": 0, ""1004"": 0, ""1005"": 1, ""1006"": 0, ""1007"": 0}",-40.924800000000005,True,"{""1000"": 1, ""1001"": 1, ""1002"": 0, ""1003"": 0, ""1004"": 0, ""1005"": 1, ""1006"": 0, ""1007"": 0}",-40.924800000000005,True,True
8.241259336471558,True,,,,"{""1000"": 0, ""1001"": 1, ""1002"": 0, ""1003"": 1, ""1004"": 1, ""1005"": 0, ""1006"": 1, ""1007"": 0}",,-40.924800000000005,True,"[0.68, 0.6799999999999999]",1.1102230246251565e-16,,2,8,2,2,16,True,0.0,IterativeSchedulingOutput,iterative,5673.702960000355,,5,1,sweep_20260626_153039_2c23dc71,src/experiments/scenarios/research_d2_qubit_max_sweep.toml,D2.5,Fixed N sweep qubit_max [5/6],success,,,12,{},,,,,,,,,"{""1000"": 0, ""1001"": 1, ""1002"": 0, ""1003"": 1, ""1004"": 1, ""1005"": 0, ""1006"": 1, ""1007"": 0}",-40.924800000000005,[],"{""1000"": 1, ""1001"": 1, ""1002"": 0, ""1003"": 0, ""1004"": 0, ""1005"": 1, ""1006"": 0, ""1007"": 0}",-40.924800000000005,True,"{""1000"": 1, ""1001"": 1, ""1002"": 0, ""1003"": 0, ""1004"": 0, ""1005"": 1, ""1006"": 0, ""1007"": 0}",-40.924800000000005,True,True
8.4744553565979,True,,,,"{""1000"": 0, ""1001"": 1, ""1002"": 0, ""1003"": 1, ""1004"": 1, ""1005"": 0, ""1006"": 1, ""1007"": 0}",,-40.924800000000005,True,"[0.68, 0.6799999999999999]",1.1102230246251565e-16,,2,8,2,2,16,True,0.0,IterativeSchedulingOutput,iterative,5945.057904999885,,5,2,sweep_20260626_153039_2c23dc71,src/experiments/scenarios/research_d2_qubit_max_sweep.toml,D2.5,Fixed N sweep qubit_max [5/6],success,,,12,{},,,,,,,,,"{""1000"": 0, ""1001"": 1, ""1002"": 0, ""1003"": 1, ""1004"": 1, ""1005"": 0, ""1006"": 1, ""1007"": 0}",-40.924800000000005,[],"{""1000"": 1, ""1001"": 1, ""1002"": 0, ""1003"": 0, ""1004"": 0, ""1005"": 1, ""1006"": 0, ""1007"": 0}",-40.924800000000005,True,"{""1000"": 1, ""1001"": 1, ""1002"": 0, ""1003"": 0, ""1004"": 0, ""1005"": 1, ""1006"": 0, ""1007"": 0}",-40.924800000000005,True,True
7.952683210372925,True,,,,"{""1000"": 0, ""1001"": 1, ""1002"": 0, ""1003"": 1, ""1004"": 1, ""1005"": 0, ""1006"": 1, ""1007"": 0}",,-40.924800000000005,True,"[0.68, 0.6799999999999999]",1.1102230246251565e-16,,2,8,2,2,16,True,0.0,IterativeSchedulingOutput,iterative,5491.662477999853,,5,3,sweep_20260626_153039_2c23dc71,src/experiments/scenarios/research_d2_qubit_max_sweep.toml,D2.5,Fixed N sweep qubit_max [5/6],success,,,12,{},,,,,,,,,"{""1000"": 0, ""1001"": 1, ""1002"": 0, ""1003"": 1, ""1004"": 1, ""1005"": 0, ""1006"": 1, ""1007"": 0}",-40.924800000000005,[],"{""1000"": 1, ""1001"": 1, ""1002"": 0, ""1003"": 0, ""1004"": 0, ""1005"": 1, ""1006"": 0, ""1007"": 0}",-40.924800000000005,True,"{""1000"": 1, ""1001"": 1, ""1002"": 0, ""1003"": 0, ""1004"": 0, ""1005"": 1, ""1006"": 0, ""1007"": 0}",-40.924800000000005,True,True
8.282686710357666,True,,,,"{""1000"": 0, ""1001"": 1, ""1002"": 0, ""1003"": 1, ""1004"": 1, ""1005"": 0, ""1006"": 1, ""1007"": 0}",,-40.924800000000005,True,"[0.68, 0.6799999999999999]",1.1102230246251565e-16,,2,8,2,2,16,True,0.0,IterativeSchedulingOutput,iterative,5737.071938000099,,5,4,sweep_20260626_153039_2c23dc71,src/experiments/scenarios/research_d2_qubit_max_sweep.toml,D2.5,Fixed N sweep qubit_max [5/6],success,,,12,{},,,,,,,,,"{""1000"": 0, ""1001"": 1, ""1002"": 0, ""1003"": 1, ""1004"": 1, ""1005"": 0, ""1006"": 1, ""1007"": 0}",-40.924800000000005,[],"{""1000"": 1, ""1001"": 1, ""1002"": 0, ""1003"": 0, ""1004"": 0, ""1005"": 1, ""1006"": 0, ""1007"": 0}",-40.924800000000005,True,"{""1000"": 1, ""1001"": 1, ""1002"": 0, ""1003"": 0, ""1004"": 0, ""1005"": 1, ""1006"": 0, ""1007"": 0}",-40.924800000000005,True,True
7.891819715499878,True,,,,"{""1000"": 0, ""1001"": 1, ""1002"": 0, ""1003"": 1, ""1004"": 1, ""1005"": 0, ""1006"": 1, ""1007"": 0}",,-40.924800000000005,True,"[0.68, 0.6799999999999999]",1.1102230246251565e-16,,2,8,2,2,16,True,0.0,IterativeSchedulingOutput,iterative,5392.741150000347,,5,5,sweep_20260626_153039_2c23dc71,src/experiments/scenarios/research_d2_qubit_max_sweep.toml,D2.5,Fixed N sweep qubit_max [5/6],success,,,12,{},,,,,,,,,"{""1000"": 0, ""1001"": 1, ""1002"": 0, ""1003"": 1, ""1004"": 1, ""1005"": 0, ""1006"": 1, ""1007"": 0}",-40.924800000000005,[],"{""1000"": 1, ""1001"": 1, ""1002"": 0, ""1003"": 0, ""1004"": 0, ""1005"": 1, ""1006"": 0, ""1007"": 0}",-40.924800000000005,True,"{""1000"": 1, ""1001"": 1, ""1002"": 0, ""1003"": 0, ""1004"": 0, ""1005"": 1, ""1006"": 0, ""1007"": 0}",-40.924800000000005,True,True
8.547752618789673,,,,,"{""1000"": 0, ""1001"": 0, ""1002"": 1, ""1003"": 1, ""1004"": 1, ""1005"": 1, ""1006"": 1, ""1007"": 1}",,-40.900600000000004,True,,,0.003961651371584029,2,8,,,16,False,0.0005913284854171517,SchedulingOutput,default,6929.832589999933,qaoa_pennylane_lightning.gpu_xy_mixer,5,1,sweep_20260626_153039_2c23dc71,src/experiments/scenarios/research_d2_qubit_max_sweep.toml,D2.6,Fixed N sweep qubit_max [6/6],success,,,16,{},,,,,,,,,"{""1000"": 0, ""1001"": 0, ""1002"": 1, ""1003"": 1, ""1004"": 1, ""1005"": 1, ""1006"": 1, ""1007"": 1}",-40.900600000000004,[],"{""1000"": 1, ""1001"": 1, ""1002"": 0, ""1003"": 0, ""1004"": 0, ""1005"": 1, ""1006"": 0, ""1007"": 0}",-40.924800000000005,False,"{""1000"": 1, ""1001"": 1, ""1002"": 0, ""1003"": 0, ""1004"": 0, ""1005"": 1, ""1006"": 0, ""1007"": 0}",-40.924800000000005,True,True
8.493621587753296,,,,,"{""1000"": 0, ""1001"": 0, ""1002"": 1, ""1003"": 1, ""1004"": 1, ""1005"": 1, ""1006"": 1, ""1007"": 1}",,-40.900600000000004,True,,,0.003961651371584029,2,8,,,16,False,0.0005913284854171517,SchedulingOutput,default,6892.675337000128,qaoa_pennylane_lightning.gpu_xy_mixer,5,2,sweep_20260626_153039_2c23dc71,src/experiments/scenarios/research_d2_qubit_max_sweep.toml,D2.6,Fixed N sweep qubit_max [6/6],success,,,16,{},,,,,,,,,"{""1000"": 0, ""1001"": 0, ""1002"": 1, ""1003"": 1, ""1004"": 1, ""1005"": 1, ""1006"": 1, ""1007"": 1}",-40.900600000000004,[],"{""1000"": 1, ""1001"": 1, ""1002"": 0, ""1003"": 0, ""1004"": 0, ""1005"": 1, ""1006"": 0, ""1007"": 0}",-40.924800000000005,False,"{""1000"": 1, ""1001"": 1, ""1002"": 0, ""1003"": 0, ""1004"": 0, ""1005"": 1, ""1006"": 0, ""1007"": 0}",-40.924800000000005,True,True
8.668078422546387,,,,,"{""1000"": 0, ""1001"": 0, ""1002"": 1, ""1003"": 1, ""1004"": 1, ""1005"": 1, ""1006"": 1, ""1007"": 1}",,-40.900600000000004,True,,,0.003961651371584029,2,8,,,16,False,0.0005913284854171517,SchedulingOutput,default,7049.850456000058,qaoa_pennylane_lightning.gpu_xy_mixer,5,3,sweep_20260626_153039_2c23dc71,src/experiments/scenarios/research_d2_qubit_max_sweep.toml,D2.6,Fixed N sweep qubit_max [6/6],success,,,16,{},,,,,,,,,"{""1000"": 0, ""1001"": 0, ""1002"": 1, ""1003"": 1, ""1004"": 1, ""1005"": 1, ""1006"": 1, ""1007"": 1}",-40.900600000000004,[],"{""1000"": 1, ""1001"": 1, ""1002"": 0, ""1003"": 0, ""1004"": 0, ""1005"": 1, ""1006"": 0, ""1007"": 0}",-40.924800000000005,False,"{""1000"": 1, ""1001"": 1, ""1002"": 0, ""1003"": 0, ""1004"": 0, ""1005"": 1, ""1006"": 0, ""1007"": 0}",-40.924800000000005,True,True
8.668258666992188,,,,,"{""1000"": 0, ""1001"": 0, ""1002"": 1, ""1003"": 1, ""1004"": 1, ""1005"": 1, ""1006"": 1, ""1007"": 1}",,-40.900600000000004,True,,,0.003961651371584029,2,8,,,16,False,0.0005913284854171517,SchedulingOutput,default,7004.8823770002855,qaoa_pennylane_lightning.gpu_xy_mixer,5,4,sweep_20260626_153039_2c23dc71,src/experiments/scenarios/research_d2_qubit_max_sweep.toml,D2.6,Fixed N sweep qubit_max [6/6],success,,,16,{},,,,,,,,,"{""1000"": 0, ""1001"": 0, ""1002"": 1, ""1003"": 1, ""1004"": 1, ""1005"": 1, ""1006"": 1, ""1007"": 1}",-40.900600000000004,[],"{""1000"": 1, ""1001"": 1, ""1002"": 0, ""1003"": 0, ""1004"": 0, ""1005"": 1, ""1006"": 0, ""1007"": 0}",-40.924800000000005,False,"{""1000"": 1, ""1001"": 1, ""1002"": 0, ""1003"": 0, ""1004"": 0, ""1005"": 1, ""1006"": 0, ""1007"": 0}",-40.924800000000005,True,True
8.266583919525146,,,,,"{""1000"": 0, ""1001"": 0, ""1002"": 1, ""1003"": 1, ""1004"": 1, ""1005"": 1, ""1006"": 1, ""1007"": 1}",,-40.900600000000004,True,,,0.003961651371584029,2,8,,,16,False,0.0005913284854171517,SchedulingOutput,default,6678.367449000234,qaoa_pennylane_lightning.gpu_xy_mixer,5,5,sweep_20260626_153039_2c23dc71,src/experiments/scenarios/research_d2_qubit_max_sweep.toml,D2.6,Fixed N sweep qubit_max [6/6],success,,,16,{},,,,,,,,,"{""1000"": 0, ""1001"": 0, ""1002"": 1, ""1003"": 1, ""1004"": 1, ""1005"": 1, ""1006"": 1, ""1007"": 1}",-40.900600000000004,[],"{""1000"": 1, ""1001"": 1, ""1002"": 0, ""1003"": 0, ""1004"": 0, ""1005"": 1, ""1006"": 0, ""1007"": 0}",-40.924800000000005,False,"{""1000"": 1, ""1001"": 1, ""1002"": 0, ""1003"": 0, ""1004"": 0, ""1005"": 1, ""1006"": 0, ""1007"": 0}",-40.924800000000005,True,True
