source_file,scenario_id,experiment,repeat_number,status,pipeline,num_entities,num_cores,num_variables,layers,steps,learning_rate,mixer_type,init_strategy,init_gamma,init_beta,random_seed,top_k,penalty,penalty_multiplier,weight_distribution,qubit_max,sorting_strategy,energy,brute_force_energy,feasible,optimal,optimality_gap,solve_time_ms,max_probability,convergence_iterations_to_final_tol,max_subqubo_convergence_iterations_to_final_tol,num_sub_qubos,all_sub_qubos_feasible,load_imbalance,recorded_sa_energy,recorded_sa_gap
run_20260626_152701_7a132ebd_results.jsonl,T1.1,T1,1,success,default,2,2,4,1,50,0.05,xy,,0.5,0.5,,10,5.0,,,4,COUPLING_DESCENDING,-10.42,-10.42,True,True,0.0,609.683233999931,0.2622052758545041,,,,,,,
run_20260626_152701_7a132ebd_results.jsonl,T1.2,T1,1,success,default,3,2,6,1,50,0.05,xy,,0.5,0.5,,10,5.0,,,6,COUPLING_DESCENDING,-15.500000000000002,-15.500000000000002,True,True,0.0,443.20429700019304,0.13426479080408618,,,,,,,
run_20260626_152701_7a132ebd_results.jsonl,T1.3,T1,1,success,default,4,2,8,1,50,0.05,xy,,0.5,0.5,,12,5.0,,,8,COUPLING_DESCENDING,-20.5,-20.5,True,True,0.0,615.9804949998033,0.06875160686379561,,,,,,,
sweep_20260626_152713_c32d7ee9_results.jsonl,B1.1,B1,1,success,default,4,2,8,1,100,0.05,xy,,0.5,0.5,,32,5.0,,,8,COUPLING_DESCENDING,-20.5,-20.5,True,True,0.0,1416.560837000361,0.06264936633829869,,,,,,,
sweep_20260626_152713_c32d7ee9_results.jsonl,B1.1,B1,2,success,default,4,2,8,1,100,0.05,xy,,0.5,0.5,,32,5.0,,,8,COUPLING_DESCENDING,-20.5,-20.5,True,True,0.0,1283.5786200002985,0.06264936633829869,,,,,,,
sweep_20260626_152713_c32d7ee9_results.jsonl,B1.1,B1,3,success,default,4,2,8,1,100,0.05,xy,,0.5,0.5,,32,5.0,,,8,COUPLING_DESCENDING,-20.5,-20.5,True,True,0.0,1341.6905409999345,0.06264936633829869,,,,,,,
sweep_20260626_152713_c32d7ee9_results.jsonl,B1.1,B1,4,success,default,4,2,8,1,100,0.05,xy,,0.5,0.5,,32,5.0,,,8,COUPLING_DESCENDING,-20.5,-20.5,True,True,0.0,1124.5332070002405,0.06264936633829869,,,,,,,
sweep_20260626_152713_c32d7ee9_results.jsonl,B1.1,B1,5,success,default,4,2,8,1,100,0.05,xy,,0.5,0.5,,32,5.0,,,8,COUPLING_DESCENDING,-20.5,-20.5,True,True,0.0,1220.9436540001661,0.06264936633829869,,,,,,,
sweep_20260626_152713_c32d7ee9_results.jsonl,B1.2,B1,1,success,default,4,2,8,2,100,0.05,xy,,0.5,0.5,,32,5.0,,,8,COUPLING_DESCENDING,-20.5,-20.5,True,True,0.0,1876.1476579998089,0.06299326136562224,,,,,,,
sweep_20260626_152713_c32d7ee9_results.jsonl,B1.2,B1,2,success,default,4,2,8,2,100,0.05,xy,,0.5,0.5,,32,5.0,,,8,COUPLING_DESCENDING,-20.5,-20.5,True,True,0.0,2065.3741599999194,0.06299326136562224,,,,,,,
sweep_20260626_152713_c32d7ee9_results.jsonl,B1.2,B1,3,success,default,4,2,8,2,100,0.05,xy,,0.5,0.5,,32,5.0,,,8,COUPLING_DESCENDING,-20.5,-20.5,True,True,0.0,1980.688592000206,0.06299326136562224,,,,,,,
sweep_20260626_152713_c32d7ee9_results.jsonl,B1.2,B1,4,success,default,4,2,8,2,100,0.05,xy,,0.5,0.5,,32,5.0,,,8,COUPLING_DESCENDING,-20.5,-20.5,True,True,0.0,1896.8165659998704,0.06299326136562224,,,,,,,
sweep_20260626_152713_c32d7ee9_results.jsonl,B1.2,B1,5,success,default,4,2,8,2,100,0.05,xy,,0.5,0.5,,32,5.0,,,8,COUPLING_DESCENDING,-20.5,-20.5,True,True,0.0,1890.312313999857,0.06299326136562224,,,,,,,
sweep_20260626_152713_c32d7ee9_results.jsonl,B1.3,B1,1,success,default,4,2,8,3,100,0.05,xy,,0.5,0.5,,32,5.0,,,8,COUPLING_DESCENDING,-20.5,-20.5,True,True,0.0,2406.692672999725,0.09174186078484588,,,,,,,
sweep_20260626_152713_c32d7ee9_results.jsonl,B1.3,B1,2,success,default,4,2,8,3,100,0.05,xy,,0.5,0.5,,32,5.0,,,8,COUPLING_DESCENDING,-20.5,-20.5,True,True,0.0,2394.8604229999546,0.09174186078484588,,,,,,,
sweep_20260626_152713_c32d7ee9_results.jsonl,B1.3,B1,3,success,default,4,2,8,3,100,0.05,xy,,0.5,0.5,,32,5.0,,,8,COUPLING_DESCENDING,-20.5,-20.5,True,True,0.0,2433.7213009998777,0.09174186078484588,,,,,,,
sweep_20260626_152713_c32d7ee9_results.jsonl,B1.3,B1,4,success,default,4,2,8,3,100,0.05,xy,,0.5,0.5,,32,5.0,,,8,COUPLING_DESCENDING,-20.5,-20.5,True,True,0.0,2509.9323419999564,0.09174186078484588,,,,,,,
sweep_20260626_152713_c32d7ee9_results.jsonl,B1.3,B1,5,success,default,4,2,8,3,100,0.05,xy,,0.5,0.5,,32,5.0,,,8,COUPLING_DESCENDING,-20.5,-20.5,True,True,0.0,2600.976171000184,0.09174186078484588,,,,,,,
sweep_20260626_152713_c32d7ee9_results.jsonl,B1.4,B1,1,success,default,4,2,8,4,100,0.05,xy,,0.5,0.5,,32,5.0,,,8,COUPLING_DESCENDING,-20.5,-20.5,True,True,0.0,3231.3417640002626,0.08966307829419887,,,,,,,
sweep_20260626_152713_c32d7ee9_results.jsonl,B1.4,B1,2,success,default,4,2,8,4,100,0.05,xy,,0.5,0.5,,32,5.0,,,8,COUPLING_DESCENDING,-20.5,-20.5,True,True,0.0,3214.6998879998137,0.08966307829419887,,,,,,,
sweep_20260626_152713_c32d7ee9_results.jsonl,B1.4,B1,3,success,default,4,2,8,4,100,0.05,xy,,0.5,0.5,,32,5.0,,,8,COUPLING_DESCENDING,-20.5,-20.5,True,True,0.0,3223.167526999987,0.08966307829419887,,,,,,,
sweep_20260626_152713_c32d7ee9_results.jsonl,B1.4,B1,4,success,default,4,2,8,4,100,0.05,xy,,0.5,0.5,,32,5.0,,,8,COUPLING_DESCENDING,-20.5,-20.5,True,True,0.0,3098.1690760004312,0.08966307829419887,,,,,,,
sweep_20260626_152713_c32d7ee9_results.jsonl,B1.4,B1,5,success,default,4,2,8,4,100,0.05,xy,,0.5,0.5,,32,5.0,,,8,COUPLING_DESCENDING,-20.5,-20.5,True,True,0.0,3080.6115679997674,0.08966307829419887,,,,,,,
sweep_20260626_152713_c32d7ee9_results.jsonl,B1.5,B1,1,success,default,4,2,8,5,100,0.05,xy,,0.5,0.5,,32,5.0,,,8,COUPLING_DESCENDING,-20.5,-20.5,True,True,0.0,3767.294154999945,0.10998112222687682,,,,,,,
sweep_20260626_152713_c32d7ee9_results.jsonl,B1.5,B1,2,success,default,4,2,8,5,100,0.05,xy,,0.5,0.5,,32,5.0,,,8,COUPLING_DESCENDING,-20.5,-20.5,True,True,0.0,3786.189827999806,0.10998112222687682,,,,,,,
sweep_20260626_152713_c32d7ee9_results.jsonl,B1.5,B1,3,success,default,4,2,8,5,100,0.05,xy,,0.5,0.5,,32,5.0,,,8,COUPLING_DESCENDING,-20.5,-20.5,True,True,0.0,3745.4766840000957,0.10998112222687682,,,,,,,
sweep_20260626_152713_c32d7ee9_results.jsonl,B1.5,B1,4,success,default,4,2,8,5,100,0.05,xy,,0.5,0.5,,32,5.0,,,8,COUPLING_DESCENDING,-20.5,-20.5,True,True,0.0,3778.861913000128,0.10998112222687682,,,,,,,
sweep_20260626_152713_c32d7ee9_results.jsonl,B1.5,B1,5,success,default,4,2,8,5,100,0.05,xy,,0.5,0.5,,32,5.0,,,8,COUPLING_DESCENDING,-20.5,-20.5,True,True,0.0,3719.638049000423,0.10998112222687682,,,,,,,
sweep_20260626_152713_c32d7ee9_results.jsonl,B1.6,B1,1,success,default,4,2,8,6,100,0.05,xy,,0.5,0.5,,32,5.0,,,8,COUPLING_DESCENDING,-20.5,-20.5,True,True,0.0,4529.940902999897,0.09372489570877728,,,,,,,
sweep_20260626_152713_c32d7ee9_results.jsonl,B1.6,B1,2,success,default,4,2,8,6,100,0.05,xy,,0.5,0.5,,32,5.0,,,8,COUPLING_DESCENDING,-20.5,-20.5,True,True,0.0,4448.90816599991,0.09372489570877728,,,,,,,
sweep_20260626_152713_c32d7ee9_results.jsonl,B1.6,B1,3,success,default,4,2,8,6,100,0.05,xy,,0.5,0.5,,32,5.0,,,8,COUPLING_DESCENDING,-20.5,-20.5,True,True,0.0,4333.672707999995,0.09372489570877728,,,,,,,
sweep_20260626_152713_c32d7ee9_results.jsonl,B1.6,B1,4,success,default,4,2,8,6,100,0.05,xy,,0.5,0.5,,32,5.0,,,8,COUPLING_DESCENDING,-20.5,-20.5,True,True,0.0,4394.149997000113,0.09372489570877728,,,,,,,
sweep_20260626_152713_c32d7ee9_results.jsonl,B1.6,B1,5,success,default,4,2,8,6,100,0.05,xy,,0.5,0.5,,32,5.0,,,8,COUPLING_DESCENDING,-20.5,-20.5,True,True,0.0,4251.127847000134,0.09372489570877728,,,,,,,
sweep_20260626_152713_c32d7ee9_results.jsonl,B1.7,B1,1,success,default,4,2,8,7,100,0.05,xy,,0.5,0.5,,32,5.0,,,8,COUPLING_DESCENDING,-20.5,-20.5,True,True,0.0,5078.167944999677,0.10226474675123358,,,,,,,
sweep_20260626_152713_c32d7ee9_results.jsonl,B1.7,B1,2,success,default,4,2,8,7,100,0.05,xy,,0.5,0.5,,32,5.0,,,8,COUPLING_DESCENDING,-20.5,-20.5,True,True,0.0,5152.383708999878,0.10226474675123358,,,,,,,
sweep_20260626_152713_c32d7ee9_results.jsonl,B1.7,B1,3,success,default,4,2,8,7,100,0.05,xy,,0.5,0.5,,32,5.0,,,8,COUPLING_DESCENDING,-20.5,-20.5,True,True,0.0,5024.135123999713,0.10226474675123358,,,,,,,
sweep_20260626_152713_c32d7ee9_results.jsonl,B1.7,B1,4,success,default,4,2,8,7,100,0.05,xy,,0.5,0.5,,32,5.0,,,8,COUPLING_DESCENDING,-20.5,-20.5,True,True,0.0,5265.827011000056,0.10226474675123358,,,,,,,
sweep_20260626_152713_c32d7ee9_results.jsonl,B1.7,B1,5,success,default,4,2,8,7,100,0.05,xy,,0.5,0.5,,32,5.0,,,8,COUPLING_DESCENDING,-20.5,-20.5,True,True,0.0,5033.938594000119,0.10226474675123358,,,,,,,
sweep_20260626_152916_694c56fc_results.jsonl,C1.1,C1,1,success,default,4,2,8,2,100,0.05,x,,0.5,0.5,,64,0.0875,,,8,COUPLING_DESCENDING,-0.85,-0.85,True,True,0.0,2470.648584999708,0.05522753914626644,,,,,,,
sweep_20260626_152916_694c56fc_results.jsonl,C1.1,C1,2,success,default,4,2,8,2,100,0.05,x,,0.5,0.5,,64,0.0875,,,8,COUPLING_DESCENDING,-0.85,-0.85,True,True,0.0,2176.6466929998387,0.05522753914626644,,,,,,,
sweep_20260626_152916_694c56fc_results.jsonl,C1.1,C1,3,success,default,4,2,8,2,100,0.05,x,,0.5,0.5,,64,0.0875,,,8,COUPLING_DESCENDING,-0.85,-0.85,True,True,0.0,2237.130392999916,0.05522753914626644,,,,,,,
sweep_20260626_152916_694c56fc_results.jsonl,C1.1,C1,4,success,default,4,2,8,2,100,0.05,x,,0.5,0.5,,64,0.0875,,,8,COUPLING_DESCENDING,-0.85,-0.85,True,True,0.0,2220.3261569998176,0.05522753914626644,,,,,,,
sweep_20260626_152916_694c56fc_results.jsonl,C1.1,C1,5,success,default,4,2,8,2,100,0.05,x,,0.5,0.5,,64,0.0875,,,8,COUPLING_DESCENDING,-0.85,-0.85,True,True,0.0,2254.471229000046,0.05522753914626644,,,,,,,
sweep_20260626_152916_694c56fc_results.jsonl,C1.2,C1,1,success,default,4,2,8,2,100,0.05,x,,0.5,0.5,,64,0.175,,,8,COUPLING_DESCENDING,-1.2,-1.2,True,True,0.0,2296.956010000031,0.08710778525470467,,,,,,,
sweep_20260626_152916_694c56fc_results.jsonl,C1.2,C1,2,success,default,4,2,8,2,100,0.05,x,,0.5,0.5,,64,0.175,,,8,COUPLING_DESCENDING,-1.2,-1.2,True,True,0.0,2280.2896950001923,0.08710778525470467,,,,,,,
sweep_20260626_152916_694c56fc_results.jsonl,C1.2,C1,3,success,default,4,2,8,2,100,0.05,x,,0.5,0.5,,64,0.175,,,8,COUPLING_DESCENDING,-1.2,-1.2,True,True,0.0,2165.1524450003308,0.08710778525470467,,,,,,,
sweep_20260626_152916_694c56fc_results.jsonl,C1.2,C1,4,success,default,4,2,8,2,100,0.05,x,,0.5,0.5,,64,0.175,,,8,COUPLING_DESCENDING,-1.2,-1.2,True,True,0.0,2332.961738999984,0.08710778525470467,,,,,,,
sweep_20260626_152916_694c56fc_results.jsonl,C1.2,C1,5,success,default,4,2,8,2,100,0.05,x,,0.5,0.5,,64,0.175,,,8,COUPLING_DESCENDING,-1.2,-1.2,True,True,0.0,2187.97024999958,0.08710778525470467,,,,,,,
sweep_20260626_152916_694c56fc_results.jsonl,C1.3,C1,1,success,default,4,2,8,2,100,0.05,x,,0.5,0.5,,64,0.35,,,8,COUPLING_DESCENDING,-1.9,-1.9,True,True,0.0,2248.380179999913,0.08940982622022631,,,,,,,
sweep_20260626_152916_694c56fc_results.jsonl,C1.3,C1,2,success,default,4,2,8,2,100,0.05,x,,0.5,0.5,,64,0.35,,,8,COUPLING_DESCENDING,-1.9,-1.9,True,True,0.0,2196.7678299997715,0.08940982622022631,,,,,,,
sweep_20260626_152916_694c56fc_results.jsonl,C1.3,C1,3,success,default,4,2,8,2,100,0.05,x,,0.5,0.5,,64,0.35,,,8,COUPLING_DESCENDING,-1.9,-1.9,True,True,0.0,2301.3534040001105,0.08940982622022631,,,,,,,
sweep_20260626_152916_694c56fc_results.jsonl,C1.3,C1,4,success,default,4,2,8,2,100,0.05,x,,0.5,0.5,,64,0.35,,,8,COUPLING_DESCENDING,-1.9,-1.9,True,True,0.0,2374.4305660002283,0.08940982622022631,,,,,,,
sweep_20260626_152916_694c56fc_results.jsonl,C1.3,C1,5,success,default,4,2,8,2,100,0.05,x,,0.5,0.5,,64,0.35,,,8,COUPLING_DESCENDING,-1.9,-1.9,True,True,0.0,2287.5997189999,0.08940982622022631,,,,,,,
sweep_20260626_152916_694c56fc_results.jsonl,C1.4,C1,1,success,default,4,2,8,2,100,0.05,x,,0.5,0.5,,64,0.7,,,8,COUPLING_DESCENDING,-3.3,-3.3,True,True,0.0,2321.4473709999766,0.0812126726496711,,,,,,,
sweep_20260626_152916_694c56fc_results.jsonl,C1.4,C1,2,success,default,4,2,8,2,100,0.05,x,,0.5,0.5,,64,0.7,,,8,COUPLING_DESCENDING,-3.3,-3.3,True,True,0.0,2325.622535000093,0.0812126726496711,,,,,,,
sweep_20260626_152916_694c56fc_results.jsonl,C1.4,C1,3,success,default,4,2,8,2,100,0.05,x,,0.5,0.5,,64,0.7,,,8,COUPLING_DESCENDING,-3.3,-3.3,True,True,0.0,2363.094157999967,0.0812126726496711,,,,,,,
sweep_20260626_152916_694c56fc_results.jsonl,C1.4,C1,4,success,default,4,2,8,2,100,0.05,x,,0.5,0.5,,64,0.7,,,8,COUPLING_DESCENDING,-3.3,-3.3,True,True,0.0,2277.106885000194,0.0812126726496711,,,,,,,
sweep_20260626_152916_694c56fc_results.jsonl,C1.4,C1,5,success,default,4,2,8,2,100,0.05,x,,0.5,0.5,,64,0.7,,,8,COUPLING_DESCENDING,-3.3,-3.3,True,True,0.0,2271.2176260001797,0.0812126726496711,,,,,,,
sweep_20260626_152916_694c56fc_results.jsonl,C1.5,C1,1,success,default,4,2,8,2,100,0.05,x,,0.5,0.5,,64,1.4,,,8,COUPLING_DESCENDING,-6.1,-6.1,True,True,0.0,2173.705483000049,0.07374138343602686,,,,,,,
sweep_20260626_152916_694c56fc_results.jsonl,C1.5,C1,2,success,default,4,2,8,2,100,0.05,x,,0.5,0.5,,64,1.4,,,8,COUPLING_DESCENDING,-6.1,-6.1,True,True,0.0,2268.213066000044,0.07374138343602686,,,,,,,
sweep_20260626_152916_694c56fc_results.jsonl,C1.5,C1,3,success,default,4,2,8,2,100,0.05,x,,0.5,0.5,,64,1.4,,,8,COUPLING_DESCENDING,-6.1,-6.1,True,True,0.0,2269.8577999999543,0.07374138343602686,,,,,,,
sweep_20260626_152916_694c56fc_results.jsonl,C1.5,C1,4,success,default,4,2,8,2,100,0.05,x,,0.5,0.5,,64,1.4,,,8,COUPLING_DESCENDING,-6.1,-6.1,True,True,0.0,2265.6523660002676,0.07374138343602686,,,,,,,
sweep_20260626_152916_694c56fc_results.jsonl,C1.5,C1,5,success,default,4,2,8,2,100,0.05,x,,0.5,0.5,,64,1.4,,,8,COUPLING_DESCENDING,-6.1,-6.1,True,True,0.0,2291.3114110001516,0.07374138343602686,,,,,,,
sweep_20260626_153039_2c23dc71_results.jsonl,D2.1,D2,1,success,iterative,8,2,16,2,100,0.05,xy,,0.5,0.5,,32,5.0,,,4,COUPLING_DESCENDING,-40.9248,-40.924800000000005,True,True,0.0,4777.09948500069,,,,4,True,1.1102230246251565e-16,,
sweep_20260626_153039_2c23dc71_results.jsonl,D2.1,D2,2,success,iterative,8,2,16,2,100,0.05,xy,,0.5,0.5,,32,5.0,,,4,COUPLING_DESCENDING,-40.9248,-40.924800000000005,True,True,0.0,4377.028193999195,,,,4,True,1.1102230246251565e-16,,
sweep_20260626_153039_2c23dc71_results.jsonl,D2.1,D2,3,success,iterative,8,2,16,2,100,0.05,xy,,0.5,0.5,,32,5.0,,,4,COUPLING_DESCENDING,-40.9248,-40.924800000000005,True,True,0.0,4518.3574610000505,,,,4,True,1.1102230246251565e-16,,
sweep_20260626_153039_2c23dc71_results.jsonl,D2.1,D2,4,success,iterative,8,2,16,2,100,0.05,xy,,0.5,0.5,,32,5.0,,,4,COUPLING_DESCENDING,-40.9248,-40.924800000000005,True,True,0.0,4547.121745000368,,,,4,True,1.1102230246251565e-16,,
sweep_20260626_153039_2c23dc71_results.jsonl,D2.1,D2,5,success,iterative,8,2,16,2,100,0.05,xy,,0.5,0.5,,32,5.0,,,4,COUPLING_DESCENDING,-40.9248,-40.924800000000005,True,True,0.0,4531.8474139999125,,,,4,True,1.1102230246251565e-16,,
sweep_20260626_153039_2c23dc71_results.jsonl,D2.2,D2,1,success,iterative,8,2,16,2,100,0.05,xy,,0.5,0.5,,32,5.0,,,6,COUPLING_DESCENDING,-40.9248,-40.924800000000005,True,True,0.0,4394.355590000032,,,,3,True,1.1102230246251565e-16,,
sweep_20260626_153039_2c23dc71_results.jsonl,D2.2,D2,2,success,iterative,8,2,16,2,100,0.05,xy,,0.5,0.5,,32,5.0,,,6,COUPLING_DESCENDING,-40.9248,-40.924800000000005,True,True,0.0,4596.427577999748,,,,3,True,1.1102230246251565e-16,,
sweep_20260626_153039_2c23dc71_results.jsonl,D2.2,D2,3,success,iterative,8,2,16,2,100,0.05,xy,,0.5,0.5,,32,5.0,,,6,COUPLING_DESCENDING,-40.9248,-40.924800000000005,True,True,0.0,4405.754368000089,,,,3,True,1.1102230246251565e-16,,
sweep_20260626_153039_2c23dc71_results.jsonl,D2.2,D2,4,success,iterative,8,2,16,2,100,0.05,xy,,0.5,0.5,,32,5.0,,,6,COUPLING_DESCENDING,-40.9248,-40.924800000000005,True,True,0.0,4727.963863999776,,,,3,True,1.1102230246251565e-16,,
sweep_20260626_153039_2c23dc71_results.jsonl,D2.2,D2,5,success,iterative,8,2,16,2,100,0.05,xy,,0.5,0.5,,32,5.0,,,6,COUPLING_DESCENDING,-40.9248,-40.924800000000005,True,True,0.0,4609.538402999988,,,,3,True,1.1102230246251565e-16,,
sweep_20260626_153039_2c23dc71_results.jsonl,D2.3,D2,1,success,iterative,8,2,16,2,100,0.05,xy,,0.5,0.5,,32,5.0,,,8,COUPLING_DESCENDING,-40.9248,-40.924800000000005,True,True,0.0,4825.94412699973,,,,2,True,1.1102230246251565e-16,,
sweep_20260626_153039_2c23dc71_results.jsonl,D2.3,D2,2,success,iterative,8,2,16,2,100,0.05,xy,,0.5,0.5,,32,5.0,,,8,COUPLING_DESCENDING,-40.9248,-40.924800000000005,True,True,0.0,4879.509653999776,,,,2,True,1.1102230246251565e-16,,
sweep_20260626_153039_2c23dc71_results.jsonl,D2.3,D2,3,success,iterative,8,2,16,2,100,0.05,xy,,0.5,0.5,,32,5.0,,,8,COUPLING_DESCENDING,-40.9248,-40.924800000000005,True,True,0.0,5113.233427000523,,,,2,True,1.1102230246251565e-16,,
sweep_20260626_153039_2c23dc71_results.jsonl,D2.3,D2,4,success,iterative,8,2,16,2,100,0.05,xy,,0.5,0.5,,32,5.0,,,8,COUPLING_DESCENDING,-40.9248,-40.924800000000005,True,True,0.0,4557.669239999996,,,,2,True,1.1102230246251565e-16,,
sweep_20260626_153039_2c23dc71_results.jsonl,D2.3,D2,5,success,iterative,8,2,16,2,100,0.05,xy,,0.5,0.5,,32,5.0,,,8,COUPLING_DESCENDING,-40.9248,-40.924800000000005,True,True,0.0,4508.711150000636,,,,2,True,1.1102230246251565e-16,,
sweep_20260626_153039_2c23dc71_results.jsonl,D2.4,D2,1,success,iterative,8,2,16,2,100,0.05,xy,,0.5,0.5,,32,5.0,,,10,COUPLING_DESCENDING,-40.924800000000005,-40.924800000000005,True,True,0.0,4807.954238000093,,,,2,True,0.0,,
sweep_20260626_153039_2c23dc71_results.jsonl,D2.4,D2,2,success,iterative,8,2,16,2,100,0.05,xy,,0.5,0.5,,32,5.0,,,10,COUPLING_DESCENDING,-40.924800000000005,-40.924800000000005,True,True,0.0,4810.332586000186,,,,2,True,0.0,,
sweep_20260626_153039_2c23dc71_results.jsonl,D2.4,D2,3,success,iterative,8,2,16,2,100,0.05,xy,,0.5,0.5,,32,5.0,,,10,COUPLING_DESCENDING,-40.924800000000005,-40.924800000000005,True,True,0.0,4655.3769440001815,,,,2,True,0.0,,
sweep_20260626_153039_2c23dc71_results.jsonl,D2.4,D2,4,success,iterative,8,2,16,2,100,0.05,xy,,0.5,0.5,,32,5.0,,,10,COUPLING_DESCENDING,-40.924800000000005,-40.924800000000005,True,True,0.0,5048.974843999986,,,,2,True,0.0,,
sweep_20260626_153039_2c23dc71_results.jsonl,D2.4,D2,5,success,iterative,8,2,16,2,100,0.05,xy,,0.5,0.5,,32,5.0,,,10,COUPLING_DESCENDING,-40.924800000000005,-40.924800000000005,True,True,0.0,4639.925603000393,,,,2,True,0.0,,
sweep_20260626_153039_2c23dc71_results.jsonl,D2.5,D2,1,success,iterative,8,2,16,2,100,0.05,xy,,0.5,0.5,,32,5.0,,,12,COUPLING_DESCENDING,-40.924800000000005,-40.924800000000005,True,True,0.0,5673.702960000355,,,,2,True,1.1102230246251565e-16,,
sweep_20260626_153039_2c23dc71_results.jsonl,D2.5,D2,2,success,iterative,8,2,16,2,100,0.05,xy,,0.5,0.5,,32,5.0,,,12,COUPLING_DESCENDING,-40.924800000000005,-40.924800000000005,True,True,0.0,5945.057904999885,,,,2,True,1.1102230246251565e-16,,
sweep_20260626_153039_2c23dc71_results.jsonl,D2.5,D2,3,success,iterative,8,2,16,2,100,0.05,xy,,0.5,0.5,,32,5.0,,,12,COUPLING_DESCENDING,-40.924800000000005,-40.924800000000005,True,True,0.0,5491.662477999853,,,,2,True,1.1102230246251565e-16,,
sweep_20260626_153039_2c23dc71_results.jsonl,D2.5,D2,4,success,iterative,8,2,16,2,100,0.05,xy,,0.5,0.5,,32,5.0,,,12,COUPLING_DESCENDING,-40.924800000000005,-40.924800000000005,True,True,0.0,5737.071938000099,,,,2,True,1.1102230246251565e-16,,
sweep_20260626_153039_2c23dc71_results.jsonl,D2.5,D2,5,success,iterative,8,2,16,2,100,0.05,xy,,0.5,0.5,,32,5.0,,,12,COUPLING_DESCENDING,-40.924800000000005,-40.924800000000005,True,True,0.0,5392.741150000347,,,,2,True,1.1102230246251565e-16,,
sweep_20260626_153039_2c23dc71_results.jsonl,D2.6,D2,1,success,default,8,2,16,2,100,0.05,xy,,0.5,0.5,,32,5.0,,,16,COUPLING_DESCENDING,-40.900600000000004,-40.924800000000005,True,False,0.0005913284854171517,6929.832589999933,0.003961651371584029,,,,,,,
sweep_20260626_153039_2c23dc71_results.jsonl,D2.6,D2,2,success,default,8,2,16,2,100,0.05,xy,,0.5,0.5,,32,5.0,,,16,COUPLING_DESCENDING,-40.900600000000004,-40.924800000000005,True,False,0.0005913284854171517,6892.675337000128,0.003961651371584029,,,,,,,
sweep_20260626_153039_2c23dc71_results.jsonl,D2.6,D2,3,success,default,8,2,16,2,100,0.05,xy,,0.5,0.5,,32,5.0,,,16,COUPLING_DESCENDING,-40.900600000000004,-40.924800000000005,True,False,0.0005913284854171517,7049.850456000058,0.003961651371584029,,,,,,,
sweep_20260626_153039_2c23dc71_results.jsonl,D2.6,D2,4,success,default,8,2,16,2,100,0.05,xy,,0.5,0.5,,32,5.0,,,16,COUPLING_DESCENDING,-40.900600000000004,-40.924800000000005,True,False,0.0005913284854171517,7004.8823770002855,0.003961651371584029,,,,,,,
sweep_20260626_153039_2c23dc71_results.jsonl,D2.6,D2,5,success,default,8,2,16,2,100,0.05,xy,,0.5,0.5,,32,5.0,,,16,COUPLING_DESCENDING,-40.900600000000004,-40.924800000000005,True,False,0.0005913284854171517,6678.367449000234,0.003961651371584029,,,,,,,
sweep_20260626_163548_3b2fdff6_results.jsonl,B1R.1,B1R,1,success,default,4,2,8,1,100,0.05,xy,random,0.5,0.5,101,32,5.0,,,8,COUPLING_DESCENDING,-20.5,-20.5,True,True,0.0,2001.8565269997453,0.0626561272853513,2,,,,,,
sweep_20260626_163548_3b2fdff6_results.jsonl,B1R.2,B1R,1,success,default,4,2,8,1,100,0.05,xy,random,0.5,0.5,102,32,5.0,,,8,COUPLING_DESCENDING,-20.5,-20.5,True,True,0.0,1222.0787180003754,0.06326889419355976,5,,,,,,
sweep_20260626_163548_3b2fdff6_results.jsonl,B1R.3,B1R,1,success,default,4,2,8,1,100,0.05,xy,random,0.5,0.5,103,32,5.0,,,8,COUPLING_DESCENDING,-20.5,-20.5,True,True,0.0,1117.662356999972,0.0631041673145056,13,,,,,,
sweep_20260626_163548_3b2fdff6_results.jsonl,B1R.4,B1R,1,success,default,4,2,8,1,100,0.05,xy,random,0.5,0.5,104,32,5.0,,,8,COUPLING_DESCENDING,-20.5,-20.5,True,True,0.0,1114.9980379996123,0.06297104794739374,7,,,,,,
sweep_20260626_163548_3b2fdff6_results.jsonl,B1R.5,B1R,1,success,default,4,2,8,1,100,0.05,xy,random,0.5,0.5,105,32,5.0,,,8,COUPLING_DESCENDING,-20.5,-20.5,True,True,0.0,1168.6999339999602,0.06299793494399603,5,,,,,,
sweep_20260626_163548_3b2fdff6_results.jsonl,B1R.6,B1R,1,success,default,4,2,8,2,100,0.05,xy,random,0.5,0.5,101,32,5.0,,,8,COUPLING_DESCENDING,-20.5,-20.5,True,True,0.0,1726.3191679999181,0.06271892955901671,3,,,,,,
sweep_20260626_163548_3b2fdff6_results.jsonl,B1R.7,B1R,1,success,default,4,2,8,2,100,0.05,xy,random,0.5,0.5,102,32,5.0,,,8,COUPLING_DESCENDING,-20.5,-20.5,True,True,0.0,1770.9796279996226,0.06256497164360396,8,,,,,,
sweep_20260626_163548_3b2fdff6_results.jsonl,B1R.8,B1R,1,success,default,4,2,8,2,100,0.05,xy,random,0.5,0.5,103,32,5.0,,,8,COUPLING_DESCENDING,-20.5,-20.5,True,True,0.0,1738.9825459999884,0.06313559029507439,7,,,,,,
sweep_20260626_163548_3b2fdff6_results.jsonl,B1R.9,B1R,1,success,default,4,2,8,2,100,0.05,xy,random,0.5,0.5,104,32,5.0,,,8,COUPLING_DESCENDING,-20.5,-20.5,True,True,0.0,1726.6097900001114,0.0628201266357164,8,,,,,,
sweep_20260626_163548_3b2fdff6_results.jsonl,B1R.10,B1R,1,success,default,4,2,8,2,100,0.05,xy,random,0.5,0.5,105,32,5.0,,,8,COUPLING_DESCENDING,-20.5,-20.5,True,True,0.0,1916.8476799995915,0.06302521924189061,3,,,,,,
sweep_20260626_163548_3b2fdff6_results.jsonl,B1R.11,B1R,1,success,default,4,2,8,3,100,0.05,xy,random,0.5,0.5,101,32,5.0,,,8,COUPLING_DESCENDING,-20.5,-20.5,True,True,0.0,2371.989547999874,0.06300054752134022,11,,,,,,
sweep_20260626_163548_3b2fdff6_results.jsonl,B1R.12,B1R,1,success,default,4,2,8,3,100,0.05,xy,random,0.5,0.5,102,32,5.0,,,8,COUPLING_DESCENDING,-20.5,-20.5,True,True,0.0,2339.3012930000623,0.09486822136420701,88,,,,,,
sweep_20260626_163548_3b2fdff6_results.jsonl,B1R.13,B1R,1,success,default,4,2,8,3,100,0.05,xy,random,0.5,0.5,103,32,5.0,,,8,COUPLING_DESCENDING,-20.5,-20.5,True,True,0.0,2402.818496999771,0.06291519404521803,2,,,,,,
sweep_20260626_163548_3b2fdff6_results.jsonl,B1R.14,B1R,1,success,default,4,2,8,3,100,0.05,xy,random,0.5,0.5,104,32,5.0,,,8,COUPLING_DESCENDING,-20.5,-20.5,True,True,0.0,2393.5793209998337,0.06271457960140199,4,,,,,,
sweep_20260626_163548_3b2fdff6_results.jsonl,B1R.15,B1R,1,success,default,4,2,8,3,100,0.05,xy,random,0.5,0.5,105,32,5.0,,,8,COUPLING_DESCENDING,-20.5,-20.5,True,True,0.0,2419.840785999895,0.08815292911275592,99,,,,,,
sweep_20260626_163548_3b2fdff6_results.jsonl,B1R.16,B1R,1,success,default,4,2,8,4,100,0.05,xy,random,0.5,0.5,101,32,5.0,,,8,COUPLING_DESCENDING,-20.5,-20.5,True,True,0.0,3106.6489059999185,0.09603486457016534,67,,,,,,
sweep_20260626_163548_3b2fdff6_results.jsonl,B1R.17,B1R,1,success,default,4,2,8,4,100,0.05,xy,random,0.5,0.5,102,32,5.0,,,8,COUPLING_DESCENDING,-20.5,-20.5,True,True,0.0,3009.4078540000737,0.09787063320782485,67,,,,,,
sweep_20260626_163548_3b2fdff6_results.jsonl,B1R.18,B1R,1,success,default,4,2,8,4,100,0.05,xy,random,0.5,0.5,103,32,5.0,,,8,COUPLING_DESCENDING,-20.5,-20.5,True,True,0.0,3137.21001399972,0.06256501134885849,12,,,,,,
sweep_20260626_163548_3b2fdff6_results.jsonl,B1R.19,B1R,1,success,default,4,2,8,4,100,0.05,xy,random,0.5,0.5,104,32,5.0,,,8,COUPLING_DESCENDING,-20.5,-20.5,True,True,0.0,3146.611731000121,0.09732391391379587,59,,,,,,
sweep_20260626_163548_3b2fdff6_results.jsonl,B1R.20,B1R,1,success,default,4,2,8,4,100,0.05,xy,random,0.5,0.5,105,32,5.0,,,8,COUPLING_DESCENDING,-20.5,-20.5,True,True,0.0,3024.0747369998644,0.09339539251122737,62,,,,,,
sweep_20260626_163548_3b2fdff6_results.jsonl,B1R.21,B1R,1,success,default,4,2,8,5,100,0.05,xy,random,0.5,0.5,101,32,5.0,,,8,COUPLING_DESCENDING,-20.5,-20.5,True,True,0.0,3846.4044880001893,0.10472917767142247,68,,,,,,
sweep_20260626_163548_3b2fdff6_results.jsonl,B1R.22,B1R,1,success,default,4,2,8,5,100,0.05,xy,random,0.5,0.5,102,32,5.0,,,8,COUPLING_DESCENDING,-20.5,-20.5,True,True,0.0,3804.9908469997717,0.09862949801116962,85,,,,,,
sweep_20260626_163548_3b2fdff6_results.jsonl,B1R.23,B1R,1,success,default,4,2,8,5,100,0.05,xy,random,0.5,0.5,103,32,5.0,,,8,COUPLING_DESCENDING,-20.5,-20.5,True,True,0.0,3771.470111000326,0.0939663092048716,61,,,,,,
sweep_20260626_163548_3b2fdff6_results.jsonl,B1R.24,B1R,1,success,default,4,2,8,5,100,0.05,xy,random,0.5,0.5,104,32,5.0,,,8,COUPLING_DESCENDING,-20.5,-20.5,True,True,0.0,3696.0913230000187,0.06546220125702835,13,,,,,,
sweep_20260626_163548_3b2fdff6_results.jsonl,B1R.25,B1R,1,success,default,4,2,8,5,100,0.05,xy,random,0.5,0.5,105,32,5.0,,,8,COUPLING_DESCENDING,-20.5,-20.5,True,True,0.0,3907.9765050000788,0.09356102515203407,72,,,,,,
sweep_20260626_163548_3b2fdff6_results.jsonl,B1R.26,B1R,1,success,default,4,2,8,6,100,0.05,xy,random,0.5,0.5,101,32,5.0,,,8,COUPLING_DESCENDING,-20.5,-20.5,True,True,0.0,4413.664030000291,0.09425570230524946,70,,,,,,
sweep_20260626_163548_3b2fdff6_results.jsonl,B1R.27,B1R,1,success,default,4,2,8,6,100,0.05,xy,random,0.5,0.5,102,32,5.0,,,8,COUPLING_DESCENDING,-20.5,-20.5,True,True,0.0,4307.469562999813,0.09480409697892625,57,,,,,,
sweep_20260626_163548_3b2fdff6_results.jsonl,B1R.28,B1R,1,success,default,4,2,8,6,100,0.05,xy,random,0.5,0.5,103,32,5.0,,,8,COUPLING_DESCENDING,-20.5,-20.5,True,True,0.0,4287.921606000054,0.0969459417775459,46,,,,,,
sweep_20260626_163548_3b2fdff6_results.jsonl,B1R.29,B1R,1,success,default,4,2,8,6,100,0.05,xy,random,0.5,0.5,104,32,5.0,,,8,COUPLING_DESCENDING,-20.5,-20.5,True,True,0.0,4391.570546000366,0.10640020741782699,100,,,,,,
sweep_20260626_163548_3b2fdff6_results.jsonl,B1R.30,B1R,1,success,default,4,2,8,6,100,0.05,xy,random,0.5,0.5,105,32,5.0,,,8,COUPLING_DESCENDING,-20.5,-20.5,True,True,0.0,4353.811577000215,0.09342218505705928,60,,,,,,
sweep_20260626_163548_3b2fdff6_results.jsonl,B1R.31,B1R,1,success,default,4,2,8,7,100,0.05,xy,random,0.5,0.5,101,32,5.0,,,8,COUPLING_DESCENDING,-20.5,-20.5,True,True,0.0,4961.679857000036,0.09477514423916682,66,,,,,,
sweep_20260626_163548_3b2fdff6_results.jsonl,B1R.32,B1R,1,success,default,4,2,8,7,100,0.05,xy,random,0.5,0.5,102,32,5.0,,,8,COUPLING_DESCENDING,-20.5,-20.5,True,True,0.0,5198.061510999651,0.09608282084991392,65,,,,,,
sweep_20260626_163548_3b2fdff6_results.jsonl,B1R.33,B1R,1,success,default,4,2,8,7,100,0.05,xy,random,0.5,0.5,103,32,5.0,,,8,COUPLING_DESCENDING,-20.5,-20.5,True,True,0.0,4987.22460099998,0.09275727894443678,70,,,,,,
sweep_20260626_163548_3b2fdff6_results.jsonl,B1R.34,B1R,1,success,default,4,2,8,7,100,0.05,xy,random,0.5,0.5,104,32,5.0,,,8,COUPLING_DESCENDING,-20.5,-20.5,True,True,0.0,5169.555688999935,0.09168634111940151,61,,,,,,
sweep_20260626_163548_3b2fdff6_results.jsonl,B1R.35,B1R,1,success,default,4,2,8,7,100,0.05,xy,random,0.5,0.5,105,32,5.0,,,8,COUPLING_DESCENDING,-20.5,-20.5,True,True,0.0,5067.592804000014,0.09325009530696082,61,,,,,,
sweep_20260626_163548_3b2fdff6_results.jsonl,B2.1,B2,1,success,default,4,2,8,2,50,0.01,xy,fixed,0.5,0.5,,32,5.0,,,8,COUPLING_DESCENDING,-20.5,-20.5,True,True,0.0,919.1870820000076,0.07326156500246248,10,,,,,,
sweep_20260626_163548_3b2fdff6_results.jsonl,B2.1,B2,2,success,default,4,2,8,2,50,0.01,xy,fixed,0.5,0.5,,32,5.0,,,8,COUPLING_DESCENDING,-20.5,-20.5,True,True,0.0,908.2430000003114,0.07326156500246248,10,,,,,,
sweep_20260626_163548_3b2fdff6_results.jsonl,B2.1,B2,3,success,default,4,2,8,2,50,0.01,xy,fixed,0.5,0.5,,32,5.0,,,8,COUPLING_DESCENDING,-20.5,-20.5,True,True,0.0,883.8514789999863,0.07326156500246248,10,,,,,,
sweep_20260626_163548_3b2fdff6_results.jsonl,B2.1,B2,4,success,default,4,2,8,2,50,0.01,xy,fixed,0.5,0.5,,32,5.0,,,8,COUPLING_DESCENDING,-20.5,-20.5,True,True,0.0,911.7896000002474,0.07326156500246248,10,,,,,,
sweep_20260626_163548_3b2fdff6_results.jsonl,B2.1,B2,5,success,default,4,2,8,2,50,0.01,xy,fixed,0.5,0.5,,32,5.0,,,8,COUPLING_DESCENDING,-20.5,-20.5,True,True,0.0,898.2403009999871,0.07326156500246248,10,,,,,,
sweep_20260626_163548_3b2fdff6_results.jsonl,B2.2,B2,1,success,default,4,2,8,2,50,0.05,xy,fixed,0.5,0.5,,32,5.0,,,8,COUPLING_DESCENDING,-20.5,-20.5,True,True,0.0,874.3107220002457,0.07086240995361458,15,,,,,,
sweep_20260626_163548_3b2fdff6_results.jsonl,B2.2,B2,2,success,default,4,2,8,2,50,0.05,xy,fixed,0.5,0.5,,32,5.0,,,8,COUPLING_DESCENDING,-20.5,-20.5,True,True,0.0,929.7563320001245,0.07086240995361458,15,,,,,,
sweep_20260626_163548_3b2fdff6_results.jsonl,B2.2,B2,3,success,default,4,2,8,2,50,0.05,xy,fixed,0.5,0.5,,32,5.0,,,8,COUPLING_DESCENDING,-20.5,-20.5,True,True,0.0,857.8918739999608,0.07086240995361458,15,,,,,,
sweep_20260626_163548_3b2fdff6_results.jsonl,B2.2,B2,4,success,default,4,2,8,2,50,0.05,xy,fixed,0.5,0.5,,32,5.0,,,8,COUPLING_DESCENDING,-20.5,-20.5,True,True,0.0,928.6706389998471,0.07086240995361458,15,,,,,,
sweep_20260626_163548_3b2fdff6_results.jsonl,B2.2,B2,5,success,default,4,2,8,2,50,0.05,xy,fixed,0.5,0.5,,32,5.0,,,8,COUPLING_DESCENDING,-20.5,-20.5,True,True,0.0,913.1412040001123,0.07086240995361458,15,,,,,,
sweep_20260626_163548_3b2fdff6_results.jsonl,B2.3,B2,1,success,default,4,2,8,2,50,0.1,xy,fixed,0.5,0.5,,32,5.0,,,8,COUPLING_DESCENDING,-20.5,-20.5,True,True,0.0,847.8724850001527,0.06318135899233655,10,,,,,,
sweep_20260626_163548_3b2fdff6_results.jsonl,B2.3,B2,2,success,default,4,2,8,2,50,0.1,xy,fixed,0.5,0.5,,32,5.0,,,8,COUPLING_DESCENDING,-20.5,-20.5,True,True,0.0,920.4709360001289,0.06318135899233655,10,,,,,,
sweep_20260626_163548_3b2fdff6_results.jsonl,B2.3,B2,3,success,default,4,2,8,2,50,0.1,xy,fixed,0.5,0.5,,32,5.0,,,8,COUPLING_DESCENDING,-20.5,-20.5,True,True,0.0,866.8870099995729,0.06318135899233655,10,,,,,,
sweep_20260626_163548_3b2fdff6_results.jsonl,B2.3,B2,4,success,default,4,2,8,2,50,0.1,xy,fixed,0.5,0.5,,32,5.0,,,8,COUPLING_DESCENDING,-20.5,-20.5,True,True,0.0,940.6491139998252,0.06318135899233655,10,,,,,,
sweep_20260626_163548_3b2fdff6_results.jsonl,B2.3,B2,5,success,default,4,2,8,2,50,0.1,xy,fixed,0.5,0.5,,32,5.0,,,8,COUPLING_DESCENDING,-20.5,-20.5,True,True,0.0,937.2581640000135,0.06318135899233655,10,,,,,,
sweep_20260626_163548_3b2fdff6_results.jsonl,B2.4,B2,1,success,default,4,2,8,2,50,0.5,xy,fixed,0.5,0.5,,32,5.0,,,8,COUPLING_DESCENDING,-20.5,-20.5,True,True,0.0,880.6672300001992,0.07409472775813732,15,,,,,,
sweep_20260626_163548_3b2fdff6_results.jsonl,B2.4,B2,2,success,default,4,2,8,2,50,0.5,xy,fixed,0.5,0.5,,32,5.0,,,8,COUPLING_DESCENDING,-20.5,-20.5,True,True,0.0,932.2414789999129,0.07409472775813732,15,,,,,,
sweep_20260626_163548_3b2fdff6_results.jsonl,B2.4,B2,3,success,default,4,2,8,2,50,0.5,xy,fixed,0.5,0.5,,32,5.0,,,8,COUPLING_DESCENDING,-20.5,-20.5,True,True,0.0,871.0778019999452,0.07409472775813732,15,,,,,,
sweep_20260626_163548_3b2fdff6_results.jsonl,B2.4,B2,4,success,default,4,2,8,2,50,0.5,xy,fixed,0.5,0.5,,32,5.0,,,8,COUPLING_DESCENDING,-20.5,-20.5,True,True,0.0,951.3725040001191,0.07409472775813732,15,,,,,,
sweep_20260626_163548_3b2fdff6_results.jsonl,B2.4,B2,5,success,default,4,2,8,2,50,0.5,xy,fixed,0.5,0.5,,32,5.0,,,8,COUPLING_DESCENDING,-20.5,-20.5,True,True,0.0,953.8090320002084,0.07409472775813732,15,,,,,,
sweep_20260626_163548_3b2fdff6_results.jsonl,B2.5,B2,1,success,default,4,2,8,2,100,0.01,xy,fixed,0.5,0.5,,32,5.0,,,8,COUPLING_DESCENDING,-20.5,-20.5,True,True,0.0,1820.6546719998187,0.06316128906646408,26,,,,,,
sweep_20260626_163548_3b2fdff6_results.jsonl,B2.5,B2,2,success,default,4,2,8,2,100,0.01,xy,fixed,0.5,0.5,,32,5.0,,,8,COUPLING_DESCENDING,-20.5,-20.5,True,True,0.0,1753.8673689996358,0.06316128906646408,26,,,,,,
sweep_20260626_163548_3b2fdff6_results.jsonl,B2.5,B2,3,success,default,4,2,8,2,100,0.01,xy,fixed,0.5,0.5,,32,5.0,,,8,COUPLING_DESCENDING,-20.5,-20.5,True,True,0.0,1776.369724000233,0.06316128906646408,26,,,,,,
sweep_20260626_163548_3b2fdff6_results.jsonl,B2.5,B2,4,success,default,4,2,8,2,100,0.01,xy,fixed,0.5,0.5,,32,5.0,,,8,COUPLING_DESCENDING,-20.5,-20.5,True,True,0.0,1797.4759849998918,0.06316128906646408,26,,,,,,
sweep_20260626_163548_3b2fdff6_results.jsonl,B2.5,B2,5,success,default,4,2,8,2,100,0.01,xy,fixed,0.5,0.5,,32,5.0,,,8,COUPLING_DESCENDING,-20.5,-20.5,True,True,0.0,1794.9759379998795,0.06316128906646408,26,,,,,,
sweep_20260626_163548_3b2fdff6_results.jsonl,B2.6,B2,1,success,default,4,2,8,2,100,0.05,xy,fixed,0.5,0.5,,32,5.0,,,8,COUPLING_DESCENDING,-20.5,-20.5,True,True,0.0,1754.78147099966,0.06299326136562224,15,,,,,,
sweep_20260626_163548_3b2fdff6_results.jsonl,B2.6,B2,2,success,default,4,2,8,2,100,0.05,xy,fixed,0.5,0.5,,32,5.0,,,8,COUPLING_DESCENDING,-20.5,-20.5,True,True,0.0,1784.0183160001288,0.06299326136562224,15,,,,,,
sweep_20260626_163548_3b2fdff6_results.jsonl,B2.6,B2,3,success,default,4,2,8,2,100,0.05,xy,fixed,0.5,0.5,,32,5.0,,,8,COUPLING_DESCENDING,-20.5,-20.5,True,True,0.0,1771.7756699998972,0.06299326136562224,15,,,,,,
sweep_20260626_163548_3b2fdff6_results.jsonl,B2.6,B2,4,success,default,4,2,8,2,100,0.05,xy,fixed,0.5,0.5,,32,5.0,,,8,COUPLING_DESCENDING,-20.5,-20.5,True,True,0.0,1752.6791650002451,0.06299326136562224,15,,,,,,
sweep_20260626_163548_3b2fdff6_results.jsonl,B2.6,B2,5,success,default,4,2,8,2,100,0.05,xy,fixed,0.5,0.5,,32,5.0,,,8,COUPLING_DESCENDING,-20.5,-20.5,True,True,0.0,1788.5094680000293,0.06299326136562224,15,,,,,,
sweep_20260626_163548_3b2fdff6_results.jsonl,B2.7,B2,1,success,default,4,2,8,2,100,0.1,xy,fixed,0.5,0.5,,32,5.0,,,8,COUPLING_DESCENDING,-20.5,-20.5,True,True,0.0,1809.2138480001267,0.06302170764776424,10,,,,,,
sweep_20260626_163548_3b2fdff6_results.jsonl,B2.7,B2,2,success,default,4,2,8,2,100,0.1,xy,fixed,0.5,0.5,,32,5.0,,,8,COUPLING_DESCENDING,-20.5,-20.5,True,True,0.0,1775.6684219998533,0.06302170764776424,10,,,,,,
sweep_20260626_163548_3b2fdff6_results.jsonl,B2.7,B2,3,success,default,4,2,8,2,100,0.1,xy,fixed,0.5,0.5,,32,5.0,,,8,COUPLING_DESCENDING,-20.5,-20.5,True,True,0.0,1755.4592739998043,0.06302170764776424,10,,,,,,
sweep_20260626_163548_3b2fdff6_results.jsonl,B2.7,B2,4,success,default,4,2,8,2,100,0.1,xy,fixed,0.5,0.5,,32,5.0,,,8,COUPLING_DESCENDING,-20.5,-20.5,True,True,0.0,1757.7954489997865,0.06302170764776424,10,,,,,,
sweep_20260626_163548_3b2fdff6_results.jsonl,B2.7,B2,5,success,default,4,2,8,2,100,0.1,xy,fixed,0.5,0.5,,32,5.0,,,8,COUPLING_DESCENDING,-20.5,-20.5,True,True,0.0,1792.9880320002667,0.06302170764776424,10,,,,,,
sweep_20260626_163548_3b2fdff6_results.jsonl,B2.8,B2,1,success,default,4,2,8,2,100,0.5,xy,fixed,0.5,0.5,,32,5.0,,,8,COUPLING_DESCENDING,-20.5,-20.5,True,True,0.0,1865.4890620000515,0.0644285711855589,28,,,,,,
sweep_20260626_163548_3b2fdff6_results.jsonl,B2.8,B2,2,success,default,4,2,8,2,100,0.5,xy,fixed,0.5,0.5,,32,5.0,,,8,COUPLING_DESCENDING,-20.5,-20.5,True,True,0.0,1751.007390000268,0.0644285711855589,28,,,,,,
sweep_20260626_163548_3b2fdff6_results.jsonl,B2.8,B2,3,success,default,4,2,8,2,100,0.5,xy,fixed,0.5,0.5,,32,5.0,,,8,COUPLING_DESCENDING,-20.5,-20.5,True,True,0.0,1782.5617109997438,0.0644285711855589,28,,,,,,
sweep_20260626_163548_3b2fdff6_results.jsonl,B2.8,B2,4,success,default,4,2,8,2,100,0.5,xy,fixed,0.5,0.5,,32,5.0,,,8,COUPLING_DESCENDING,-20.5,-20.5,True,True,0.0,1753.6772080002265,0.0644285711855589,28,,,,,,
sweep_20260626_163548_3b2fdff6_results.jsonl,B2.8,B2,5,success,default,4,2,8,2,100,0.5,xy,fixed,0.5,0.5,,32,5.0,,,8,COUPLING_DESCENDING,-20.5,-20.5,True,True,0.0,1747.9236809999747,0.0644285711855589,28,,,,,,
sweep_20260626_163548_3b2fdff6_results.jsonl,B2.9,B2,1,success,default,4,2,8,2,200,0.01,xy,fixed,0.5,0.5,,32,5.0,,,8,COUPLING_DESCENDING,-20.5,-20.5,True,True,0.0,3647.2995409999385,0.06250320609220503,26,,,,,,
sweep_20260626_163548_3b2fdff6_results.jsonl,B2.9,B2,2,success,default,4,2,8,2,200,0.01,xy,fixed,0.5,0.5,,32,5.0,,,8,COUPLING_DESCENDING,-20.5,-20.5,True,True,0.0,3670.033326999601,0.06250320609220503,26,,,,,,
sweep_20260626_163548_3b2fdff6_results.jsonl,B2.9,B2,3,success,default,4,2,8,2,200,0.01,xy,fixed,0.5,0.5,,32,5.0,,,8,COUPLING_DESCENDING,-20.5,-20.5,True,True,0.0,3610.1244040000893,0.06250320609220503,26,,,,,,
sweep_20260626_163548_3b2fdff6_results.jsonl,B2.9,B2,4,success,default,4,2,8,2,200,0.01,xy,fixed,0.5,0.5,,32,5.0,,,8,COUPLING_DESCENDING,-20.5,-20.5,True,True,0.0,3503.4367850003036,0.06250320609220503,26,,,,,,
sweep_20260626_163548_3b2fdff6_results.jsonl,B2.9,B2,5,success,default,4,2,8,2,200,0.01,xy,fixed,0.5,0.5,,32,5.0,,,8,COUPLING_DESCENDING,-20.5,-20.5,True,True,0.0,3599.0344820002065,0.06250320609220503,26,,,,,,
sweep_20260626_163548_3b2fdff6_results.jsonl,B2.10,B2,1,success,default,4,2,8,2,200,0.05,xy,fixed,0.5,0.5,,32,5.0,,,8,COUPLING_DESCENDING,-20.5,-20.5,True,True,0.0,3641.5764439998384,0.06250146232975277,15,,,,,,
sweep_20260626_163548_3b2fdff6_results.jsonl,B2.10,B2,2,success,default,4,2,8,2,200,0.05,xy,fixed,0.5,0.5,,32,5.0,,,8,COUPLING_DESCENDING,-20.5,-20.5,True,True,0.0,3670.9833400000207,0.06250146232975277,15,,,,,,
sweep_20260626_163548_3b2fdff6_results.jsonl,B2.10,B2,3,success,default,4,2,8,2,200,0.05,xy,fixed,0.5,0.5,,32,5.0,,,8,COUPLING_DESCENDING,-20.5,-20.5,True,True,0.0,3482.4732440001753,0.06250146232975277,15,,,,,,
sweep_20260626_163548_3b2fdff6_results.jsonl,B2.10,B2,4,success,default,4,2,8,2,200,0.05,xy,fixed,0.5,0.5,,32,5.0,,,8,COUPLING_DESCENDING,-20.5,-20.5,True,True,0.0,3679.7890739999275,0.06250146232975277,15,,,,,,
sweep_20260626_163548_3b2fdff6_results.jsonl,B2.10,B2,5,success,default,4,2,8,2,200,0.05,xy,fixed,0.5,0.5,,32,5.0,,,8,COUPLING_DESCENDING,-20.5,-20.5,True,True,0.0,3488.4886219997497,0.06250146232975277,15,,,,,,
sweep_20260626_163548_3b2fdff6_results.jsonl,B2.11,B2,1,success,default,4,2,8,2,200,0.1,xy,fixed,0.5,0.5,,32,5.0,,,8,COUPLING_DESCENDING,-20.5,-20.5,True,True,0.0,3535.3061569999227,0.06250366609613767,10,,,,,,
sweep_20260626_163548_3b2fdff6_results.jsonl,B2.11,B2,2,success,default,4,2,8,2,200,0.1,xy,fixed,0.5,0.5,,32,5.0,,,8,COUPLING_DESCENDING,-20.5,-20.5,True,True,0.0,3489.066923000337,0.06250366609613767,10,,,,,,
sweep_20260626_163548_3b2fdff6_results.jsonl,B2.11,B2,3,success,default,4,2,8,2,200,0.1,xy,fixed,0.5,0.5,,32,5.0,,,8,COUPLING_DESCENDING,-20.5,-20.5,True,True,0.0,3483.091284999773,0.06250366609613767,10,,,,,,
sweep_20260626_163548_3b2fdff6_results.jsonl,B2.11,B2,4,success,default,4,2,8,2,200,0.1,xy,fixed,0.5,0.5,,32,5.0,,,8,COUPLING_DESCENDING,-20.5,-20.5,True,True,0.0,3555.611106000015,0.06250366609613767,10,,,,,,
sweep_20260626_163548_3b2fdff6_results.jsonl,B2.11,B2,5,success,default,4,2,8,2,200,0.1,xy,fixed,0.5,0.5,,32,5.0,,,8,COUPLING_DESCENDING,-20.5,-20.5,True,True,0.0,3580.411637999987,0.06250366609613767,10,,,,,,
sweep_20260626_163548_3b2fdff6_results.jsonl,B2.12,B2,1,success,default,4,2,8,2,200,0.5,xy,fixed,0.5,0.5,,32,5.0,,,8,COUPLING_DESCENDING,-20.5,-20.5,True,True,0.0,3827.223901999787,0.06251651379513788,28,,,,,,
sweep_20260626_163548_3b2fdff6_results.jsonl,B2.12,B2,2,success,default,4,2,8,2,200,0.5,xy,fixed,0.5,0.5,,32,5.0,,,8,COUPLING_DESCENDING,-20.5,-20.5,True,True,0.0,3537.3952230002033,0.06251651379513788,28,,,,,,
sweep_20260626_163548_3b2fdff6_results.jsonl,B2.12,B2,3,success,default,4,2,8,2,200,0.5,xy,fixed,0.5,0.5,,32,5.0,,,8,COUPLING_DESCENDING,-20.5,-20.5,True,True,0.0,3638.728735999848,0.06251651379513788,28,,,,,,
sweep_20260626_163548_3b2fdff6_results.jsonl,B2.12,B2,4,success,default,4,2,8,2,200,0.5,xy,fixed,0.5,0.5,,32,5.0,,,8,COUPLING_DESCENDING,-20.5,-20.5,True,True,0.0,3620.844775000023,0.06251651379513788,28,,,,,,
sweep_20260626_163548_3b2fdff6_results.jsonl,B2.12,B2,5,success,default,4,2,8,2,200,0.5,xy,fixed,0.5,0.5,,32,5.0,,,8,COUPLING_DESCENDING,-20.5,-20.5,True,True,0.0,3582.572044000244,0.06251651379513788,28,,,,,,
sweep_20260626_163548_3b2fdff6_results.jsonl,B2.13,B2,1,success,default,4,2,8,2,500,0.01,xy,fixed,0.5,0.5,,32,5.0,,,8,COUPLING_DESCENDING,-20.5,-20.5,True,True,0.0,9021.401753000191,0.0625000000008724,26,,,,,,
sweep_20260626_163548_3b2fdff6_results.jsonl,B2.13,B2,2,success,default,4,2,8,2,500,0.01,xy,fixed,0.5,0.5,,32,5.0,,,8,COUPLING_DESCENDING,-20.5,-20.5,True,True,0.0,9150.402172000213,0.0625000000008724,26,,,,,,
sweep_20260626_163548_3b2fdff6_results.jsonl,B2.13,B2,3,success,default,4,2,8,2,500,0.01,xy,fixed,0.5,0.5,,32,5.0,,,8,COUPLING_DESCENDING,-20.5,-20.5,True,True,0.0,8918.319197000073,0.0625000000008724,26,,,,,,
sweep_20260626_163548_3b2fdff6_results.jsonl,B2.13,B2,4,success,default,4,2,8,2,500,0.01,xy,fixed,0.5,0.5,,32,5.0,,,8,COUPLING_DESCENDING,-20.5,-20.5,True,True,0.0,9058.26867099995,0.0625000000008724,26,,,,,,
sweep_20260626_163548_3b2fdff6_results.jsonl,B2.13,B2,5,success,default,4,2,8,2,500,0.01,xy,fixed,0.5,0.5,,32,5.0,,,8,COUPLING_DESCENDING,-20.5,-20.5,True,True,0.0,9647.589281999899,0.0625000000008724,26,,,,,,
sweep_20260626_163548_3b2fdff6_results.jsonl,B2.14,B2,1,success,default,4,2,8,2,500,0.05,xy,fixed,0.5,0.5,,32,5.0,,,8,COUPLING_DESCENDING,-20.5,-20.5,True,True,0.0,9261.938535999889,0.06250022292495912,15,,,,,,
sweep_20260626_163548_3b2fdff6_results.jsonl,B2.14,B2,2,success,default,4,2,8,2,500,0.05,xy,fixed,0.5,0.5,,32,5.0,,,8,COUPLING_DESCENDING,-20.5,-20.5,True,True,0.0,8762.355835999642,0.06250022292495912,15,,,,,,
sweep_20260626_163548_3b2fdff6_results.jsonl,B2.14,B2,3,success,default,4,2,8,2,500,0.05,xy,fixed,0.5,0.5,,32,5.0,,,8,COUPLING_DESCENDING,-20.5,-20.5,True,True,0.0,9264.542714000072,0.06250022292495912,15,,,,,,
sweep_20260626_163548_3b2fdff6_results.jsonl,B2.14,B2,4,success,default,4,2,8,2,500,0.05,xy,fixed,0.5,0.5,,32,5.0,,,8,COUPLING_DESCENDING,-20.5,-20.5,True,True,0.0,8973.819214999821,0.06250022292495912,15,,,,,,
sweep_20260626_163548_3b2fdff6_results.jsonl,B2.14,B2,5,success,default,4,2,8,2,500,0.05,xy,fixed,0.5,0.5,,32,5.0,,,8,COUPLING_DESCENDING,-20.5,-20.5,True,True,0.0,9271.92114699983,0.06250022292495912,15,,,,,,
sweep_20260626_163548_3b2fdff6_results.jsonl,B2.15,B2,1,success,default,4,2,8,2,500,0.1,xy,fixed,0.5,0.5,,32,5.0,,,8,COUPLING_DESCENDING,-20.5,-20.5,True,True,0.0,9111.268870000004,0.06260340903763276,10,,,,,,
sweep_20260626_163548_3b2fdff6_results.jsonl,B2.15,B2,2,success,default,4,2,8,2,500,0.1,xy,fixed,0.5,0.5,,32,5.0,,,8,COUPLING_DESCENDING,-20.5,-20.5,True,True,0.0,9479.740844999924,0.06260340903763276,10,,,,,,
sweep_20260626_163548_3b2fdff6_results.jsonl,B2.15,B2,3,success,default,4,2,8,2,500,0.1,xy,fixed,0.5,0.5,,32,5.0,,,8,COUPLING_DESCENDING,-20.5,-20.5,True,True,0.0,9090.001037000093,0.06260340903763276,10,,,,,,
sweep_20260626_163548_3b2fdff6_results.jsonl,B2.15,B2,4,success,default,4,2,8,2,500,0.1,xy,fixed,0.5,0.5,,32,5.0,,,8,COUPLING_DESCENDING,-20.5,-20.5,True,True,0.0,10291.787962000399,0.06260340903763276,10,,,,,,
sweep_20260626_163548_3b2fdff6_results.jsonl,B2.15,B2,5,success,default,4,2,8,2,500,0.1,xy,fixed,0.5,0.5,,32,5.0,,,8,COUPLING_DESCENDING,-20.5,-20.5,True,True,0.0,9180.319169000086,0.06260340903763276,10,,,,,,
sweep_20260626_163548_3b2fdff6_results.jsonl,B2.16,B2,1,success,default,4,2,8,2,500,0.5,xy,fixed,0.5,0.5,,32,5.0,,,8,COUPLING_DESCENDING,-20.5,-20.5,True,True,0.0,9006.77785500011,0.10640410595157253,25,,,,,,
sweep_20260626_163548_3b2fdff6_results.jsonl,B2.16,B2,2,success,default,4,2,8,2,500,0.5,xy,fixed,0.5,0.5,,32,5.0,,,8,COUPLING_DESCENDING,-20.5,-20.5,True,True,0.0,9052.930155000013,0.10640410595157253,25,,,,,,
sweep_20260626_163548_3b2fdff6_results.jsonl,B2.16,B2,3,success,default,4,2,8,2,500,0.5,xy,fixed,0.5,0.5,,32,5.0,,,8,COUPLING_DESCENDING,-20.5,-20.5,True,True,0.0,9125.81989499995,0.10640410595157253,25,,,,,,
sweep_20260626_163548_3b2fdff6_results.jsonl,B2.16,B2,4,success,default,4,2,8,2,500,0.5,xy,fixed,0.5,0.5,,32,5.0,,,8,COUPLING_DESCENDING,-20.5,-20.5,True,True,0.0,9292.957880000358,0.10640410595157253,25,,,,,,
sweep_20260626_163548_3b2fdff6_results.jsonl,B2.16,B2,5,success,default,4,2,8,2,500,0.5,xy,fixed,0.5,0.5,,32,5.0,,,8,COUPLING_DESCENDING,-20.5,-20.5,True,True,0.0,9273.689931999797,0.10640410595157253,25,,,,,,
sweep_20260626_163548_3b2fdff6_results.jsonl,B3.1,B3,1,success,default,4,2,8,2,100,0.05,xy,fixed,0.1,0.1,,32,5.0,,,8,COUPLING_DESCENDING,-20.5,-20.5,True,True,0.0,2014.4653439997455,0.06302423272753434,3,,,,,,
sweep_20260626_163548_3b2fdff6_results.jsonl,B3.2,B3,1,success,default,4,2,8,2,100,0.05,xy,fixed,0.1,0.3,,32,5.0,,,8,COUPLING_DESCENDING,-20.5,-20.5,True,True,0.0,1853.3433759998843,0.06291825073102775,3,,,,,,
sweep_20260626_163548_3b2fdff6_results.jsonl,B3.3,B3,1,success,default,4,2,8,2,100,0.05,xy,fixed,0.1,0.5,,32,5.0,,,8,COUPLING_DESCENDING,-20.5,-20.5,True,True,0.0,1895.6750840002314,0.06315698990061004,3,,,,,,
sweep_20260626_163548_3b2fdff6_results.jsonl,B3.4,B3,1,success,default,4,2,8,2,100,0.05,xy,fixed,0.1,0.7,,32,5.0,,,8,COUPLING_DESCENDING,-20.5,-20.5,True,True,0.0,1857.955320000201,0.06340634255670753,10,,,,,,
sweep_20260626_163548_3b2fdff6_results.jsonl,B3.5,B3,1,success,default,4,2,8,2,100,0.05,xy,fixed,0.1,1.0,,32,5.0,,,8,COUPLING_DESCENDING,-20.5,-20.5,True,True,0.0,1927.3404000000482,0.06274945789716492,4,,,,,,
sweep_20260626_163548_3b2fdff6_results.jsonl,B3.6,B3,1,success,default,4,2,8,2,100,0.05,xy,fixed,0.3,0.1,,32,5.0,,,8,COUPLING_DESCENDING,-20.5,-20.5,True,True,0.0,1822.5426930002868,0.06302570700589522,3,,,,,,
sweep_20260626_163548_3b2fdff6_results.jsonl,B3.7,B3,1,success,default,4,2,8,2,100,0.05,xy,fixed,0.3,0.3,,32,5.0,,,8,COUPLING_DESCENDING,-20.5,-20.5,True,True,0.0,1806.4295750000383,0.06283471122238621,3,,,,,,
sweep_20260626_163548_3b2fdff6_results.jsonl,B3.8,B3,1,success,default,4,2,8,2,100,0.05,xy,fixed,0.3,0.5,,32,5.0,,,8,COUPLING_DESCENDING,-20.5,-20.5,True,True,0.0,1777.9449380000187,0.06310089629900788,15,,,,,,
sweep_20260626_163548_3b2fdff6_results.jsonl,B3.9,B3,1,success,default,4,2,8,2,100,0.05,xy,fixed,0.3,0.7,,32,5.0,,,8,COUPLING_DESCENDING,-20.5,-20.5,True,True,0.0,1814.7478690002572,0.06340625476561931,10,,,,,,
sweep_20260626_163548_3b2fdff6_results.jsonl,B3.10,B3,1,success,default,4,2,8,2,100,0.05,xy,fixed,0.3,1.0,,32,5.0,,,8,COUPLING_DESCENDING,-20.5,-20.5,True,True,0.0,1723.9441940000688,0.06275205364845819,4,,,,,,
sweep_20260626_163548_3b2fdff6_results.jsonl,B3.11,B3,1,success,default,4,2,8,2,100,0.05,xy,fixed,0.5,0.1,,32,5.0,,,8,COUPLING_DESCENDING,-20.5,-20.5,True,True,0.0,1916.535357000157,0.06304237727569435,3,,,,,,
sweep_20260626_163548_3b2fdff6_results.jsonl,B3.12,B3,1,success,default,4,2,8,2,100,0.05,xy,fixed,0.5,0.3,,32,5.0,,,8,COUPLING_DESCENDING,-20.5,-20.5,True,True,0.0,1904.6948909999628,0.06268703089899777,9,,,,,,
sweep_20260626_163548_3b2fdff6_results.jsonl,B3.13,B3,1,success,default,4,2,8,2,100,0.05,xy,fixed,0.5,0.5,,32,5.0,,,8,COUPLING_DESCENDING,-20.5,-20.5,True,True,0.0,1912.3376649999955,0.06299326136562224,15,,,,,,
sweep_20260626_163548_3b2fdff6_results.jsonl,B3.14,B3,1,success,default,4,2,8,2,100,0.05,xy,fixed,0.5,0.7,,32,5.0,,,8,COUPLING_DESCENDING,-20.5,-20.5,True,True,0.0,2051.9587769999816,0.06340557240719145,17,,,,,,
sweep_20260626_163548_3b2fdff6_results.jsonl,B3.15,B3,1,success,default,4,2,8,2,100,0.05,xy,fixed,0.5,1.0,,32,5.0,,,8,COUPLING_DESCENDING,-20.5,-20.5,True,True,0.0,1756.0076820000177,0.06275692595731452,7,,,,,,
sweep_20260626_163548_3b2fdff6_results.jsonl,B3.16,B3,1,success,default,4,2,8,2,100,0.05,xy,fixed,0.7,0.1,,32,5.0,,,8,COUPLING_DESCENDING,-20.5,-20.5,True,True,0.0,1782.4972819998948,0.06308143390149545,9,,,,,,
sweep_20260626_163548_3b2fdff6_results.jsonl,B3.17,B3,1,success,default,4,2,8,2,100,0.05,xy,fixed,0.7,0.3,,32,5.0,,,8,COUPLING_DESCENDING,-20.5,-20.5,True,True,0.0,1804.7950989998753,0.06254826117479713,16,,,,,,
sweep_20260626_163548_3b2fdff6_results.jsonl,B3.18,B3,1,success,default,4,2,8,2,100,0.05,xy,fixed,0.7,0.5,,32,5.0,,,8,COUPLING_DESCENDING,-20.5,-20.5,True,True,0.0,1772.694533000049,0.0627928479099797,15,,,,,,
sweep_20260626_163548_3b2fdff6_results.jsonl,B3.19,B3,1,success,default,4,2,8,2,100,0.05,xy,fixed,0.7,0.7,,32,5.0,,,8,COUPLING_DESCENDING,-20.5,-20.5,True,True,0.0,1885.3308729999299,0.06340019656845239,17,,,,,,
sweep_20260626_163548_3b2fdff6_results.jsonl,B3.20,B3,1,success,default,4,2,8,2,100,0.05,xy,fixed,0.7,1.0,,32,5.0,,,8,COUPLING_DESCENDING,-20.5,-20.5,True,True,0.0,1946.9166889998633,0.06276048734487492,12,,,,,,
sweep_20260626_163548_3b2fdff6_results.jsonl,B3.21,B3,1,success,default,4,2,8,2,100,0.05,xy,fixed,1.0,0.1,,32,5.0,,,8,COUPLING_DESCENDING,-20.5,-20.5,True,True,0.0,1809.9296850000428,0.06316482716128982,16,,,,,,
sweep_20260626_163548_3b2fdff6_results.jsonl,B3.22,B3,1,success,default,4,2,8,2,100,0.05,xy,fixed,1.0,0.3,,32,5.0,,,8,COUPLING_DESCENDING,-20.5,-20.5,True,True,0.0,1778.561259000071,0.06301145812683683,23,,,,,,
sweep_20260626_163548_3b2fdff6_results.jsonl,B3.23,B3,1,success,default,4,2,8,2,100,0.05,xy,fixed,1.0,0.5,,32,5.0,,,8,COUPLING_DESCENDING,-20.5,-20.5,True,True,0.0,1949.7018070001104,0.06269394880806708,21,,,,,,
sweep_20260626_163548_3b2fdff6_results.jsonl,B3.24,B3,1,success,default,4,2,8,2,100,0.05,xy,fixed,1.0,0.7,,32,5.0,,,8,COUPLING_DESCENDING,-20.5,-20.5,True,True,0.0,1864.9868410002455,0.06337036653548547,17,,,,,,
sweep_20260626_163548_3b2fdff6_results.jsonl,B3.25,B3,1,success,default,4,2,8,2,100,0.05,xy,fixed,1.0,1.0,,32,5.0,,,8,COUPLING_DESCENDING,-20.5,-20.5,True,True,0.0,1814.2625079999561,0.06275843100790997,12,,,,,,
sweep_20260626_163548_3b2fdff6_results.jsonl,B3.26,B3,1,success,default,4,2,8,3,100,0.05,xy,fixed,0.1,0.1,,32,5.0,,,8,COUPLING_DESCENDING,-20.5,-20.5,True,True,0.0,2487.7278049998495,0.06255576312122393,9,,,,,,
sweep_20260626_163548_3b2fdff6_results.jsonl,B3.27,B3,1,success,default,4,2,8,3,100,0.05,xy,fixed,0.1,0.3,,32,5.0,,,8,COUPLING_DESCENDING,-20.5,-20.5,True,True,0.0,2399.830648999796,0.0913568761064495,52,,,,,,
sweep_20260626_163548_3b2fdff6_results.jsonl,B3.28,B3,1,success,default,4,2,8,3,100,0.05,xy,fixed,0.1,0.5,,32,5.0,,,8,COUPLING_DESCENDING,-20.5,-20.5,True,True,0.0,2328.278042999955,0.09085660818965488,53,,,,,,
sweep_20260626_163548_3b2fdff6_results.jsonl,B3.29,B3,1,success,default,4,2,8,3,100,0.05,xy,fixed,0.1,0.7,,32,5.0,,,8,COUPLING_DESCENDING,-20.5,-20.5,True,True,0.0,2452.0060869999725,0.06317552151574778,2,,,,,,
sweep_20260626_163548_3b2fdff6_results.jsonl,B3.30,B3,1,success,default,4,2,8,3,100,0.05,xy,fixed,0.1,1.0,,32,5.0,,,8,COUPLING_DESCENDING,-20.5,-20.5,True,True,0.0,2384.8709040003087,0.06289960006422625,13,,,,,,
sweep_20260626_163548_3b2fdff6_results.jsonl,B3.31,B3,1,success,default,4,2,8,3,100,0.05,xy,fixed,0.3,0.1,,32,5.0,,,8,COUPLING_DESCENDING,-20.5,-20.5,True,True,0.0,2682.7951650002433,0.06257034020006393,9,,,,,,
sweep_20260626_163548_3b2fdff6_results.jsonl,B3.32,B3,1,success,default,4,2,8,3,100,0.05,xy,fixed,0.3,0.3,,32,5.0,,,8,COUPLING_DESCENDING,-20.5,-20.5,True,True,0.0,2480.0311019998844,0.09145170025330102,59,,,,,,
sweep_20260626_163548_3b2fdff6_results.jsonl,B3.33,B3,1,success,default,4,2,8,3,100,0.05,xy,fixed,0.3,0.5,,32,5.0,,,8,COUPLING_DESCENDING,-20.5,-20.5,True,True,0.0,2469.5663600000444,0.09160030962139874,61,,,,,,
sweep_20260626_163548_3b2fdff6_results.jsonl,B3.34,B3,1,success,default,4,2,8,3,100,0.05,xy,fixed,0.3,0.7,,32,5.0,,,8,COUPLING_DESCENDING,-20.5,-20.5,True,True,0.0,2410.599662000095,0.06318142353320809,11,,,,,,
sweep_20260626_163548_3b2fdff6_results.jsonl,B3.35,B3,1,success,default,4,2,8,3,100,0.05,xy,fixed,0.3,1.0,,32,5.0,,,8,COUPLING_DESCENDING,-20.5,-20.5,True,True,0.0,2383.5237700000107,0.06308445572551623,13,,,,,,
sweep_20260626_163548_3b2fdff6_results.jsonl,B3.36,B3,1,success,default,4,2,8,3,100,0.05,xy,fixed,0.5,0.1,,32,5.0,,,8,COUPLING_DESCENDING,-20.5,-20.5,True,True,0.0,2561.669309000081,0.06255804965786295,9,,,,,,
sweep_20260626_163548_3b2fdff6_results.jsonl,B3.37,B3,1,success,default,4,2,8,3,100,0.05,xy,fixed,0.5,0.3,,32,5.0,,,8,COUPLING_DESCENDING,-20.5,-20.5,True,True,0.0,2476.7968520000068,0.09169147154302841,67,,,,,,
sweep_20260626_163548_3b2fdff6_results.jsonl,B3.38,B3,1,success,default,4,2,8,3,100,0.05,xy,fixed,0.5,0.5,,32,5.0,,,8,COUPLING_DESCENDING,-20.5,-20.5,True,True,0.0,2411.5238539998245,0.09174186078484588,69,,,,,,
sweep_20260626_163548_3b2fdff6_results.jsonl,B3.39,B3,1,success,default,4,2,8,3,100,0.05,xy,fixed,0.5,0.7,,32,5.0,,,8,COUPLING_DESCENDING,-20.5,-20.5,True,True,0.0,2482.9919610001525,0.06317879904487095,11,,,,,,
sweep_20260626_163548_3b2fdff6_results.jsonl,B3.40,B3,1,success,default,4,2,8,3,100,0.05,xy,fixed,0.5,1.0,,32,5.0,,,8,COUPLING_DESCENDING,-20.5,-20.5,True,True,0.0,2405.750669999634,0.06337392251335519,13,,,,,,
sweep_20260626_163548_3b2fdff6_results.jsonl,B3.41,B3,1,success,default,4,2,8,3,100,0.05,xy,fixed,0.7,0.1,,32,5.0,,,8,COUPLING_DESCENDING,-20.5,-20.5,True,True,0.0,2494.608631000119,0.0625165739705493,13,,,,,,
sweep_20260626_163548_3b2fdff6_results.jsonl,B3.42,B3,1,success,default,4,2,8,3,100,0.05,xy,fixed,0.7,0.3,,32,5.0,,,8,COUPLING_DESCENDING,-20.5,-20.5,True,True,0.0,2506.454739000219,0.09336061736814584,75,,,,,,
sweep_20260626_163548_3b2fdff6_results.jsonl,B3.43,B3,1,success,default,4,2,8,3,100,0.05,xy,fixed,0.7,0.5,,32,5.0,,,8,COUPLING_DESCENDING,-20.5,-20.5,True,True,0.0,2576.817968999876,0.09401602438855924,77,,,,,,
sweep_20260626_163548_3b2fdff6_results.jsonl,B3.44,B3,1,success,default,4,2,8,3,100,0.05,xy,fixed,0.7,0.7,,32,5.0,,,8,COUPLING_DESCENDING,-20.5,-20.5,True,True,0.0,2464.359947000048,0.0631633802472722,16,,,,,,
sweep_20260626_163548_3b2fdff6_results.jsonl,B3.45,B3,1,success,default,4,2,8,3,100,0.05,xy,fixed,0.7,1.0,,32,5.0,,,8,COUPLING_DESCENDING,-20.5,-20.5,True,True,0.0,2424.6555119998447,0.06338405498035855,19,,,,,,
sweep_20260626_163548_3b2fdff6_results.jsonl,B3.46,B3,1,success,default,4,2,8,3,100,0.05,xy,fixed,1.0,0.1,,32,5.0,,,8,COUPLING_DESCENDING,-20.5,-20.5,True,True,0.0,2477.2863580001285,0.06257883215940317,18,,,,,,
sweep_20260626_163548_3b2fdff6_results.jsonl,B3.47,B3,1,success,default,4,2,8,3,100,0.05,xy,fixed,1.0,0.3,,32,5.0,,,8,COUPLING_DESCENDING,-20.5,-20.5,True,True,0.0,2481.56396100012,0.09432936254354564,87,,,,,,
sweep_20260626_163548_3b2fdff6_results.jsonl,B3.48,B3,1,success,default,4,2,8,3,100,0.05,xy,fixed,1.0,0.5,,32,5.0,,,8,COUPLING_DESCENDING,-20.5,-20.5,True,True,0.0,2424.610432999998,0.09382069658706232,89,,,,,,
sweep_20260626_163548_3b2fdff6_results.jsonl,B3.49,B3,1,success,default,4,2,8,3,100,0.05,xy,fixed,1.0,0.7,,32,5.0,,,8,COUPLING_DESCENDING,-20.5,-20.5,True,True,0.0,2573.6677300001247,0.06306502454631974,16,,,,,,
sweep_20260626_163548_3b2fdff6_results.jsonl,B3.50,B3,1,success,default,4,2,8,3,100,0.05,xy,fixed,1.0,1.0,,32,5.0,,,8,COUPLING_DESCENDING,-20.5,-20.5,True,True,0.0,2417.624880999938,0.06291778158230989,25,,,,,,
sweep_20260626_163548_3b2fdff6_results.jsonl,B4X.1,B4X,1,success,default,4,2,8,1,100,0.05,x,fixed,0.5,0.5,,16,0.175,,,8,COUPLING_DESCENDING,-1.2,-1.2,True,True,0.0,1336.7146259997753,0.04155094984714459,100,,,,,,
sweep_20260626_163548_3b2fdff6_results.jsonl,B4X.1,B4X,2,success,default,4,2,8,1,100,0.05,x,fixed,0.5,0.5,,16,0.175,,,8,COUPLING_DESCENDING,-1.2,-1.2,True,True,0.0,1508.2817340003203,0.04155094984714459,100,,,,,,
sweep_20260626_163548_3b2fdff6_results.jsonl,B4X.1,B4X,3,success,default,4,2,8,1,100,0.05,x,fixed,0.5,0.5,,16,0.175,,,8,COUPLING_DESCENDING,-1.2,-1.2,True,True,0.0,1363.5373499996604,0.04155094984714459,100,,,,,,
sweep_20260626_163548_3b2fdff6_results.jsonl,B4X.1,B4X,4,success,default,4,2,8,1,100,0.05,x,fixed,0.5,0.5,,16,0.175,,,8,COUPLING_DESCENDING,-1.2,-1.2,True,True,0.0,1420.5636480000976,0.04155094984714459,100,,,,,,
sweep_20260626_163548_3b2fdff6_results.jsonl,B4X.1,B4X,5,success,default,4,2,8,1,100,0.05,x,fixed,0.5,0.5,,16,0.175,,,8,COUPLING_DESCENDING,-1.2,-1.2,True,True,0.0,1339.6480650003468,0.04155094984714459,100,,,,,,
sweep_20260626_163548_3b2fdff6_results.jsonl,B4X.2,B4X,1,success,default,4,2,8,1,100,0.05,x,fixed,0.5,0.5,,16,0.35,,,8,COUPLING_DESCENDING,-1.9,-1.9,True,True,0.0,1474.2698569998538,0.06059309223259384,100,,,,,,
sweep_20260626_163548_3b2fdff6_results.jsonl,B4X.2,B4X,2,success,default,4,2,8,1,100,0.05,x,fixed,0.5,0.5,,16,0.35,,,8,COUPLING_DESCENDING,-1.9,-1.9,True,True,0.0,1340.928318999886,0.06059309223259384,100,,,,,,
sweep_20260626_163548_3b2fdff6_results.jsonl,B4X.2,B4X,3,success,default,4,2,8,1,100,0.05,x,fixed,0.5,0.5,,16,0.35,,,8,COUPLING_DESCENDING,-1.9,-1.9,True,True,0.0,1400.7930759998999,0.06059309223259384,100,,,,,,
sweep_20260626_163548_3b2fdff6_results.jsonl,B4X.2,B4X,4,success,default,4,2,8,1,100,0.05,x,fixed,0.5,0.5,,16,0.35,,,8,COUPLING_DESCENDING,-1.9,-1.9,True,True,0.0,1484.1846169997552,0.06059309223259384,100,,,,,,
sweep_20260626_163548_3b2fdff6_results.jsonl,B4X.2,B4X,5,success,default,4,2,8,1,100,0.05,x,fixed,0.5,0.5,,16,0.35,,,8,COUPLING_DESCENDING,-1.9,-1.9,True,True,0.0,1490.6970980000551,0.06059309223259384,100,,,,,,
sweep_20260626_163548_3b2fdff6_results.jsonl,B4X.3,B4X,1,success,default,4,2,8,1,100,0.05,x,fixed,0.5,0.5,,16,0.7,,,8,COUPLING_DESCENDING,-3.3,-3.3,True,True,0.0,1398.680379000325,0.06163114889987564,65,,,,,,
sweep_20260626_163548_3b2fdff6_results.jsonl,B4X.3,B4X,2,success,default,4,2,8,1,100,0.05,x,fixed,0.5,0.5,,16,0.7,,,8,COUPLING_DESCENDING,-3.3,-3.3,True,True,0.0,1398.9169299998139,0.06163114889987564,65,,,,,,
sweep_20260626_163548_3b2fdff6_results.jsonl,B4X.3,B4X,3,success,default,4,2,8,1,100,0.05,x,fixed,0.5,0.5,,16,0.7,,,8,COUPLING_DESCENDING,-3.3,-3.3,True,True,0.0,1366.7432199999894,0.06163114889987564,65,,,,,,
sweep_20260626_163548_3b2fdff6_results.jsonl,B4X.3,B4X,4,success,default,4,2,8,1,100,0.05,x,fixed,0.5,0.5,,16,0.7,,,8,COUPLING_DESCENDING,-3.3,-3.3,True,True,0.0,1432.0576449999862,0.06163114889987564,65,,,,,,
sweep_20260626_163548_3b2fdff6_results.jsonl,B4X.3,B4X,5,success,default,4,2,8,1,100,0.05,x,fixed,0.5,0.5,,16,0.7,,,8,COUPLING_DESCENDING,-3.3,-3.3,True,True,0.0,1401.9416699998146,0.06163114889987564,65,,,,,,
sweep_20260626_163548_3b2fdff6_results.jsonl,B4X.4,B4X,1,success,default,4,2,8,2,100,0.05,x,fixed,0.5,0.5,,16,0.175,,,8,COUPLING_DESCENDING,-1.2,-1.2,True,True,0.0,2245.9354029997485,0.08710778525470467,100,,,,,,
sweep_20260626_163548_3b2fdff6_results.jsonl,B4X.4,B4X,2,success,default,4,2,8,2,100,0.05,x,fixed,0.5,0.5,,16,0.175,,,8,COUPLING_DESCENDING,-1.2,-1.2,True,True,0.0,2319.4486940001298,0.08710778525470467,100,,,,,,
sweep_20260626_163548_3b2fdff6_results.jsonl,B4X.4,B4X,3,success,default,4,2,8,2,100,0.05,x,fixed,0.5,0.5,,16,0.175,,,8,COUPLING_DESCENDING,-1.2,-1.2,True,True,0.0,2459.704583000075,0.08710778525470467,100,,,,,,
sweep_20260626_163548_3b2fdff6_results.jsonl,B4X.4,B4X,4,success,default,4,2,8,2,100,0.05,x,fixed,0.5,0.5,,16,0.175,,,8,COUPLING_DESCENDING,-1.2,-1.2,True,True,0.0,2402.2803029997704,0.08710778525470467,100,,,,,,
sweep_20260626_163548_3b2fdff6_results.jsonl,B4X.4,B4X,5,success,default,4,2,8,2,100,0.05,x,fixed,0.5,0.5,,16,0.175,,,8,COUPLING_DESCENDING,-1.2,-1.2,True,True,0.0,2421.4554720001615,0.08710778525470467,100,,,,,,
sweep_20260626_163548_3b2fdff6_results.jsonl,B4X.5,B4X,1,success,default,4,2,8,2,100,0.05,x,fixed,0.5,0.5,,16,0.35,,,8,COUPLING_DESCENDING,-1.9,-1.9,True,True,0.0,2444.0187029999834,0.08940982622022631,100,,,,,,
sweep_20260626_163548_3b2fdff6_results.jsonl,B4X.5,B4X,2,success,default,4,2,8,2,100,0.05,x,fixed,0.5,0.5,,16,0.35,,,8,COUPLING_DESCENDING,-1.9,-1.9,True,True,0.0,2292.43901899963,0.08940982622022631,100,,,,,,
sweep_20260626_163548_3b2fdff6_results.jsonl,B4X.5,B4X,3,success,default,4,2,8,2,100,0.05,x,fixed,0.5,0.5,,16,0.35,,,8,COUPLING_DESCENDING,-1.9,-1.9,True,True,0.0,2270.3647689995705,0.08940982622022631,100,,,,,,
sweep_20260626_163548_3b2fdff6_results.jsonl,B4X.5,B4X,4,success,default,4,2,8,2,100,0.05,x,fixed,0.5,0.5,,16,0.35,,,8,COUPLING_DESCENDING,-1.9,-1.9,True,True,0.0,2203.9665320003223,0.08940982622022631,100,,,,,,
sweep_20260626_163548_3b2fdff6_results.jsonl,B4X.5,B4X,5,success,default,4,2,8,2,100,0.05,x,fixed,0.5,0.5,,16,0.35,,,8,COUPLING_DESCENDING,-1.9,-1.9,True,True,0.0,2280.9456630002387,0.08940982622022631,100,,,,,,
sweep_20260626_163548_3b2fdff6_results.jsonl,B4X.6,B4X,1,success,default,4,2,8,2,100,0.05,x,fixed,0.5,0.5,,16,0.7,,,8,COUPLING_DESCENDING,-3.3,-3.3,True,True,0.0,2219.814241000222,0.0812126726496711,94,,,,,,
sweep_20260626_163548_3b2fdff6_results.jsonl,B4X.6,B4X,2,success,default,4,2,8,2,100,0.05,x,fixed,0.5,0.5,,16,0.7,,,8,COUPLING_DESCENDING,-3.3,-3.3,True,True,0.0,2271.4973330002977,0.0812126726496711,94,,,,,,
sweep_20260626_163548_3b2fdff6_results.jsonl,B4X.6,B4X,3,success,default,4,2,8,2,100,0.05,x,fixed,0.5,0.5,,16,0.7,,,8,COUPLING_DESCENDING,-3.3,-3.3,True,True,0.0,2279.3097680000756,0.0812126726496711,94,,,,,,
sweep_20260626_163548_3b2fdff6_results.jsonl,B4X.6,B4X,4,success,default,4,2,8,2,100,0.05,x,fixed,0.5,0.5,,16,0.7,,,8,COUPLING_DESCENDING,-3.3,-3.3,True,True,0.0,2235.6582410002375,0.0812126726496711,94,,,,,,
sweep_20260626_163548_3b2fdff6_results.jsonl,B4X.6,B4X,5,success,default,4,2,8,2,100,0.05,x,fixed,0.5,0.5,,16,0.7,,,8,COUPLING_DESCENDING,-3.3,-3.3,True,True,0.0,2219.721661999756,0.0812126726496711,94,,,,,,
sweep_20260626_163548_3b2fdff6_results.jsonl,B4X.7,B4X,1,success,default,4,2,8,3,100,0.05,x,fixed,0.5,0.5,,16,0.175,,,8,COUPLING_DESCENDING,-1.2,-1.2,True,True,0.0,3184.964904000026,0.09938303189014028,100,,,,,,
sweep_20260626_163548_3b2fdff6_results.jsonl,B4X.7,B4X,2,success,default,4,2,8,3,100,0.05,x,fixed,0.5,0.5,,16,0.175,,,8,COUPLING_DESCENDING,-1.2,-1.2,True,True,0.0,3087.1420779999426,0.09938303189014028,100,,,,,,
sweep_20260626_163548_3b2fdff6_results.jsonl,B4X.7,B4X,3,success,default,4,2,8,3,100,0.05,x,fixed,0.5,0.5,,16,0.175,,,8,COUPLING_DESCENDING,-1.2,-1.2,True,True,0.0,3246.906267999748,0.09938303189014028,100,,,,,,
sweep_20260626_163548_3b2fdff6_results.jsonl,B4X.7,B4X,4,success,default,4,2,8,3,100,0.05,x,fixed,0.5,0.5,,16,0.175,,,8,COUPLING_DESCENDING,-1.2,-1.2,True,True,0.0,3150.8910570000808,0.09938303189014028,100,,,,,,
sweep_20260626_163548_3b2fdff6_results.jsonl,B4X.7,B4X,5,success,default,4,2,8,3,100,0.05,x,fixed,0.5,0.5,,16,0.175,,,8,COUPLING_DESCENDING,-1.2,-1.2,True,True,0.0,3108.986916000049,0.09938303189014028,100,,,,,,
sweep_20260626_163548_3b2fdff6_results.jsonl,B4X.8,B4X,1,success,default,4,2,8,3,100,0.05,x,fixed,0.5,0.5,,16,0.35,,,8,COUPLING_DESCENDING,-1.9,-1.9,True,True,0.0,3320.5148590000135,0.08325681768839494,100,,,,,,
sweep_20260626_163548_3b2fdff6_results.jsonl,B4X.8,B4X,2,success,default,4,2,8,3,100,0.05,x,fixed,0.5,0.5,,16,0.35,,,8,COUPLING_DESCENDING,-1.9,-1.9,True,True,0.0,3298.9752910002608,0.08325681768839494,100,,,,,,
sweep_20260626_163548_3b2fdff6_results.jsonl,B4X.8,B4X,3,success,default,4,2,8,3,100,0.05,x,fixed,0.5,0.5,,16,0.35,,,8,COUPLING_DESCENDING,-1.9,-1.9,True,True,0.0,3348.9268779999293,0.08325681768839494,100,,,,,,
sweep_20260626_163548_3b2fdff6_results.jsonl,B4X.8,B4X,4,success,default,4,2,8,3,100,0.05,x,fixed,0.5,0.5,,16,0.35,,,8,COUPLING_DESCENDING,-1.9,-1.9,True,True,0.0,3245.9380260002035,0.08325681768839494,100,,,,,,
sweep_20260626_163548_3b2fdff6_results.jsonl,B4X.8,B4X,5,success,default,4,2,8,3,100,0.05,x,fixed,0.5,0.5,,16,0.35,,,8,COUPLING_DESCENDING,-1.9,-1.9,True,True,0.0,3197.2085120000884,0.08325681768839494,100,,,,,,
sweep_20260626_163548_3b2fdff6_results.jsonl,B4X.9,B4X,1,success,default,4,2,8,3,100,0.05,x,fixed,0.5,0.5,,16,0.7,,,8,COUPLING_DESCENDING,-3.3,-3.3,True,True,0.0,3284.0486740001325,0.07679701382788673,100,,,,,,
sweep_20260626_163548_3b2fdff6_results.jsonl,B4X.9,B4X,2,success,default,4,2,8,3,100,0.05,x,fixed,0.5,0.5,,16,0.7,,,8,COUPLING_DESCENDING,-3.3,-3.3,True,True,0.0,3147.5202159999753,0.07679701382788673,100,,,,,,
sweep_20260626_163548_3b2fdff6_results.jsonl,B4X.9,B4X,3,success,default,4,2,8,3,100,0.05,x,fixed,0.5,0.5,,16,0.7,,,8,COUPLING_DESCENDING,-3.3,-3.3,True,True,0.0,3151.7900499998177,0.07679701382788673,100,,,,,,
sweep_20260626_163548_3b2fdff6_results.jsonl,B4X.9,B4X,4,success,default,4,2,8,3,100,0.05,x,fixed,0.5,0.5,,16,0.7,,,8,COUPLING_DESCENDING,-3.3,-3.3,True,True,0.0,3108.663075000095,0.07679701382788673,100,,,,,,
sweep_20260626_163548_3b2fdff6_results.jsonl,B4X.9,B4X,5,success,default,4,2,8,3,100,0.05,x,fixed,0.5,0.5,,16,0.7,,,8,COUPLING_DESCENDING,-3.3,-3.3,True,True,0.0,3082.7748530000463,0.07679701382788673,100,,,,,,
sweep_20260626_163548_3b2fdff6_results.jsonl,B4XY.1,B4XY,1,success,default,4,2,8,1,100,0.05,xy,fixed,0.5,0.5,,16,0.35,,,8,COUPLING_DESCENDING,-1.9,-1.9,True,True,0.0,1217.6186430001508,0.06264936633830091,10,,,,,,
sweep_20260626_163548_3b2fdff6_results.jsonl,B4XY.1,B4XY,2,success,default,4,2,8,1,100,0.05,xy,fixed,0.5,0.5,,16,0.35,,,8,COUPLING_DESCENDING,-1.9,-1.9,True,True,0.0,1290.5447519997324,0.06264936633830091,10,,,,,,
sweep_20260626_163548_3b2fdff6_results.jsonl,B4XY.1,B4XY,3,success,default,4,2,8,1,100,0.05,xy,fixed,0.5,0.5,,16,0.35,,,8,COUPLING_DESCENDING,-1.9,-1.9,True,True,0.0,1199.9118779999662,0.06264936633830091,10,,,,,,
sweep_20260626_163548_3b2fdff6_results.jsonl,B4XY.1,B4XY,4,success,default,4,2,8,1,100,0.05,xy,fixed,0.5,0.5,,16,0.35,,,8,COUPLING_DESCENDING,-1.9,-1.9,True,True,0.0,1170.260393999797,0.06264936633830091,10,,,,,,
sweep_20260626_163548_3b2fdff6_results.jsonl,B4XY.1,B4XY,5,success,default,4,2,8,1,100,0.05,xy,fixed,0.5,0.5,,16,0.35,,,8,COUPLING_DESCENDING,-1.9,-1.9,True,True,0.0,1266.5041649997875,0.06264936633830091,10,,,,,,
sweep_20260626_163548_3b2fdff6_results.jsonl,B4XY.2,B4XY,1,success,default,4,2,8,2,100,0.05,xy,fixed,0.5,0.5,,16,0.35,,,8,COUPLING_DESCENDING,-1.9,-1.9,True,True,0.0,1766.6639419999228,0.06299326136562541,15,,,,,,
sweep_20260626_163548_3b2fdff6_results.jsonl,B4XY.2,B4XY,2,success,default,4,2,8,2,100,0.05,xy,fixed,0.5,0.5,,16,0.35,,,8,COUPLING_DESCENDING,-1.9,-1.9,True,True,0.0,1775.4605989998709,0.06299326136562541,15,,,,,,
sweep_20260626_163548_3b2fdff6_results.jsonl,B4XY.2,B4XY,3,success,default,4,2,8,2,100,0.05,xy,fixed,0.5,0.5,,16,0.35,,,8,COUPLING_DESCENDING,-1.9,-1.9,True,True,0.0,1812.867076999737,0.06299326136562541,15,,,,,,
sweep_20260626_163548_3b2fdff6_results.jsonl,B4XY.2,B4XY,4,success,default,4,2,8,2,100,0.05,xy,fixed,0.5,0.5,,16,0.35,,,8,COUPLING_DESCENDING,-1.9,-1.9,True,True,0.0,1781.3010179997946,0.06299326136562541,15,,,,,,
sweep_20260626_163548_3b2fdff6_results.jsonl,B4XY.2,B4XY,5,success,default,4,2,8,2,100,0.05,xy,fixed,0.5,0.5,,16,0.35,,,8,COUPLING_DESCENDING,-1.9,-1.9,True,True,0.0,1857.2831360002056,0.06299326136562541,15,,,,,,
sweep_20260626_163548_3b2fdff6_results.jsonl,B4XY.3,B4XY,1,success,default,4,2,8,3,100,0.05,xy,fixed,0.5,0.5,,16,0.35,,,8,COUPLING_DESCENDING,-1.9,-1.9,True,True,0.0,2449.3582200002493,0.09174186078484849,73,,,,,,
sweep_20260626_163548_3b2fdff6_results.jsonl,B4XY.3,B4XY,2,success,default,4,2,8,3,100,0.05,xy,fixed,0.5,0.5,,16,0.35,,,8,COUPLING_DESCENDING,-1.9,-1.9,True,True,0.0,2420.6657200002155,0.09174186078484849,73,,,,,,
sweep_20260626_163548_3b2fdff6_results.jsonl,B4XY.3,B4XY,3,success,default,4,2,8,3,100,0.05,xy,fixed,0.5,0.5,,16,0.35,,,8,COUPLING_DESCENDING,-1.9,-1.9,True,True,0.0,2421.95587399965,0.09174186078484849,73,,,,,,
sweep_20260626_163548_3b2fdff6_results.jsonl,B4XY.3,B4XY,4,success,default,4,2,8,3,100,0.05,xy,fixed,0.5,0.5,,16,0.35,,,8,COUPLING_DESCENDING,-1.9,-1.9,True,True,0.0,2494.0328200000295,0.09174186078484849,73,,,,,,
sweep_20260626_163548_3b2fdff6_results.jsonl,B4XY.3,B4XY,5,success,default,4,2,8,3,100,0.05,xy,fixed,0.5,0.5,,16,0.35,,,8,COUPLING_DESCENDING,-1.9,-1.9,True,True,0.0,2476.5784450000865,0.09174186078484849,73,,,,,,
sweep_20260626_163548_3b2fdff6_results.jsonl,C2.1,C2,1,success,default,4,2,8,2,100,0.05,x,fixed,0.5,0.5,,16,0.28,,,8,COUPLING_DESCENDING,-1.6198000000000001,-1.6198000000000001,True,True,0.0,2235.736081000141,0.09104417314795597,100,,,,,,
sweep_20260626_163548_3b2fdff6_results.jsonl,C2.2,C2,1,success,default,4,2,8,2,100,0.05,x,fixed,0.5,0.5,,16,0.56,,,8,COUPLING_DESCENDING,-2.7398000000000007,-2.7398000000000007,True,True,0.0,2330.6567579998045,0.08227358468033577,99,,,,,,
sweep_20260626_163548_3b2fdff6_results.jsonl,C2.3,C2,1,success,default,4,2,8,2,100,0.05,x,fixed,0.5,0.5,,16,0.31,,,8,COUPLING_DESCENDING,-1.7398000000000002,-1.7398000000000002,True,True,0.0,2163.4550049998325,0.0906428336360383,100,,,,,,
sweep_20260626_163548_3b2fdff6_results.jsonl,C2.4,C2,1,success,default,4,2,8,2,100,0.05,x,fixed,0.5,0.5,,16,0.62,,,8,COUPLING_DESCENDING,-2.9798,-2.9798,True,True,0.0,2273.5680290002165,0.08184238630634458,98,,,,,,
sweep_20260626_163548_3b2fdff6_results.jsonl,C2.5,C2,1,success,default,4,2,8,2,100,0.05,x,fixed,0.5,0.5,,16,0.3,,,8,COUPLING_DESCENDING,-1.6998,-1.6998,True,True,0.0,2238.5940399999527,0.09067777933339383,100,,,,,,
sweep_20260626_163548_3b2fdff6_results.jsonl,C2.6,C2,1,success,default,4,2,8,2,100,0.05,x,fixed,0.5,0.5,,16,0.6,,,8,COUPLING_DESCENDING,-2.8998,-2.8998,True,True,0.0,2277.9435739998917,0.08184838334941417,99,,,,,,
sweep_20260626_163548_3b2fdff6_results.jsonl,C2.7,C2,1,success,default,4,2,8,2,100,0.05,x,fixed,0.5,0.5,,16,0.28,,,8,COUPLING_DESCENDING,-1.6198000000000001,-1.6198000000000001,True,True,0.0,2245.955243000026,0.09095787457891664,100,,,,,,
sweep_20260626_163548_3b2fdff6_results.jsonl,C2.8,C2,1,success,default,4,2,8,2,100,0.05,x,fixed,0.5,0.5,,16,0.56,,,8,COUPLING_DESCENDING,-2.7398000000000002,-2.7398000000000002,True,True,0.0,2217.5473540000894,0.08217456116924256,99,,,,,,
sweep_20260626_163548_3b2fdff6_results.jsonl,C2.9,C2,1,success,default,4,2,8,2,100,0.05,x,fixed,0.5,0.5,,16,0.33,,,8,COUPLING_DESCENDING,-1.8200000000000003,-1.8200000000000003,True,True,0.0,2175.4365420001704,0.0901833876447981,100,,,,,,
sweep_20260626_163548_3b2fdff6_results.jsonl,C2.10,C2,1,success,default,4,2,8,2,100,0.05,x,fixed,0.5,0.5,,16,0.66,,,8,COUPLING_DESCENDING,-3.14,-3.14,True,True,0.0,2244.088477000332,0.08157753975999373,96,,,,,,
sweep_20260626_163548_3b2fdff6_results.jsonl,C2.11,C2,1,success,default,4,2,8,2,100,0.05,x,fixed,0.5,0.5,,16,0.3,,,8,COUPLING_DESCENDING,-1.7,-1.7,True,True,0.0,2317.193366000083,0.09073996011414143,100,,,,,,
sweep_20260626_163548_3b2fdff6_results.jsonl,C2.12,C2,1,success,default,4,2,8,2,100,0.05,x,fixed,0.5,0.5,,16,0.6,,,8,COUPLING_DESCENDING,-2.8999999999999995,-2.8999999999999995,True,True,0.0,2329.6853950000695,0.08186482691532998,99,,,,,,
sweep_20260626_163548_3b2fdff6_results.jsonl,C2.13,C2,1,success,default,4,2,8,2,100,0.05,x,fixed,0.5,0.5,,16,0.32,,,8,COUPLING_DESCENDING,-1.7800000000000002,-1.7800000000000002,True,True,0.0,2176.7043370000465,0.09033164780079198,100,,,,,,
sweep_20260626_163548_3b2fdff6_results.jsonl,C2.14,C2,1,success,default,4,2,8,2,100,0.05,x,fixed,0.5,0.5,,16,0.64,,,8,COUPLING_DESCENDING,-3.0600000000000005,-3.0600000000000005,True,True,0.0,2310.5633360000866,0.08160990921030986,97,,,,,,
sweep_20260626_163548_3b2fdff6_results.jsonl,C2.15,C2,1,success,default,4,2,8,2,100,0.05,x,fixed,0.5,0.5,,16,0.28,,,8,COUPLING_DESCENDING,-1.6192000000000002,-1.6192000000000002,True,True,0.0,2305.465178999839,0.09090135614555382,100,,,,,,
sweep_20260626_163548_3b2fdff6_results.jsonl,C2.16,C2,1,success,default,4,2,8,2,100,0.05,x,fixed,0.5,0.5,,16,0.56,,,8,COUPLING_DESCENDING,-2.7392000000000003,-2.7392000000000003,True,True,0.0,2295.6779189998997,0.08221770455350225,99,,,,,,
sweep_20260626_163548_3b2fdff6_results.jsonl,C2.17,C2,1,success,default,4,2,8,2,100,0.05,x,fixed,0.5,0.5,,16,0.3,,,8,COUPLING_DESCENDING,-1.6968,-1.6968,True,True,0.0,2223.1825119997666,0.09005526739882301,100,,,,,,
sweep_20260626_163548_3b2fdff6_results.jsonl,C2.18,C2,1,success,default,4,2,8,2,100,0.05,x,fixed,0.5,0.5,,16,0.6,,,8,COUPLING_DESCENDING,-2.8968000000000003,-2.8968000000000003,True,True,0.0,2329.7928160000083,0.08165212441070142,99,,,,,,
sweep_20260626_163548_3b2fdff6_results.jsonl,C2.19,C2,1,success,default,4,2,8,2,100,0.05,x,fixed,0.5,0.5,,16,0.29,,,8,COUPLING_DESCENDING,-1.6598,-1.6598,True,True,0.0,2222.085538000101,0.09080001580648525,100,,,,,,
sweep_20260626_163548_3b2fdff6_results.jsonl,C2.20,C2,1,success,default,4,2,8,2,100,0.05,x,fixed,0.5,0.5,,16,0.58,,,8,COUPLING_DESCENDING,-2.8198,-2.8198,True,True,0.0,2300.9974649999094,0.08194153399111728,99,,,,,,
sweep_20260626_163548_3b2fdff6_results.jsonl,C2.21,C2,1,success,default,4,2,8,2,100,0.05,x,fixed,0.5,0.5,,16,0.55,,,8,COUPLING_DESCENDING,-2.695,-2.695,True,True,0.0,2260.357328000282,0.08877426109051333,99,,,,,,
sweep_20260626_163548_3b2fdff6_results.jsonl,C2.22,C2,1,success,default,4,2,8,2,100,0.05,x,fixed,0.5,0.5,,16,1.1,,,8,COUPLING_DESCENDING,-4.8950000000000005,-4.8950000000000005,True,True,0.0,2307.1069739999075,0.08059429065981429,77,,,,,,
sweep_20260626_163548_3b2fdff6_results.jsonl,C2.23,C2,1,success,default,4,2,8,2,100,0.05,x,fixed,0.5,0.5,,16,0.6,,,8,COUPLING_DESCENDING,-2.88,-2.88,True,True,0.0,2221.148415999778,0.08919691443333658,99,,,,,,
sweep_20260626_163548_3b2fdff6_results.jsonl,C2.24,C2,1,success,default,4,2,8,2,100,0.05,x,fixed,0.5,0.5,,16,1.2,,,8,COUPLING_DESCENDING,-5.279999999999999,-5.279999999999999,True,True,0.0,2278.0746840003303,0.08016299569692376,79,,,,,,
sweep_20260626_163548_3b2fdff6_results.jsonl,C2.25,C2,1,success,default,4,2,8,2,100,0.05,x,fixed,0.5,0.5,,16,0.48,,,8,COUPLING_DESCENDING,-2.4192,-2.4192,True,True,0.0,2246.675876000154,0.08785007325840424,100,,,,,,
sweep_20260626_163548_3b2fdff6_results.jsonl,C2.26,C2,1,success,default,4,2,8,2,100,0.05,x,fixed,0.5,0.5,,16,0.96,,,8,COUPLING_DESCENDING,-4.3392,-4.3392,True,True,0.0,2263.687708999896,0.08023578322718693,81,,,,,,
sweep_20260626_163548_3b2fdff6_results.jsonl,C2.27,C2,1,success,default,4,2,8,2,100,0.05,x,fixed,0.5,0.5,,16,0.52,,,8,COUPLING_DESCENDING,-2.5792,-2.5792,True,True,0.0,2272.480665999865,0.08844360112447865,100,,,,,,
sweep_20260626_163548_3b2fdff6_results.jsonl,C2.28,C2,1,success,default,4,2,8,2,100,0.05,x,fixed,0.5,0.5,,16,1.04,,,8,COUPLING_DESCENDING,-4.6592,-4.6592,True,True,0.0,2322.3962629999733,0.08072457766831162,77,,,,,,
sweep_20260626_163548_3b2fdff6_results.jsonl,C2.29,C2,1,success,default,4,2,8,2,100,0.05,x,fixed,0.5,0.5,,16,0.64,,,8,COUPLING_DESCENDING,-3.0208,-3.0208,True,True,0.0,2242.4820920000457,0.08875669050287893,98,,,,,,
sweep_20260626_163548_3b2fdff6_results.jsonl,C2.30,C2,1,success,default,4,2,8,2,100,0.05,x,fixed,0.5,0.5,,16,1.28,,,8,COUPLING_DESCENDING,-5.5808,-5.5808,True,True,0.0,2297.9242559999875,0.07931895870498915,84,,,,,,
sweep_20260626_163548_3b2fdff6_results.jsonl,C2.31,C2,1,success,default,4,2,8,2,100,0.05,x,fixed,0.5,0.5,,16,0.46,,,8,COUPLING_DESCENDING,-2.3368,-2.3368,True,True,0.0,2291.405295000004,0.08943302590686181,100,,,,,,
sweep_20260626_163548_3b2fdff6_results.jsonl,C2.32,C2,1,success,default,4,2,8,2,100,0.05,x,fixed,0.5,0.5,,16,0.92,,,8,COUPLING_DESCENDING,-4.1768,-4.1768,True,True,0.0,2284.9567449998176,0.08117738164413123,83,,,,,,
sweep_20260626_163548_3b2fdff6_results.jsonl,C2.33,C2,1,success,default,4,2,8,2,100,0.05,x,fixed,0.5,0.5,,16,0.58,,,8,COUPLING_DESCENDING,-2.8071999999999995,-2.8071999999999995,True,True,0.0,2201.47529399992,0.09004875974690797,99,,,,,,
sweep_20260626_163548_3b2fdff6_results.jsonl,C2.34,C2,1,success,default,4,2,8,2,100,0.05,x,fixed,0.5,0.5,,16,1.16,,,8,COUPLING_DESCENDING,-5.127199999999999,-5.127199999999999,True,True,0.0,2309.2361619997064,0.08085591902334888,75,,,,,,
sweep_20260626_163548_3b2fdff6_results.jsonl,C2.35,C2,1,success,default,4,2,8,2,100,0.05,x,fixed,0.5,0.5,,16,0.5,,,8,COUPLING_DESCENDING,-2.5,-2.5,True,True,0.0,2248.091320000185,0.0889374680650599,100,,,,,,
sweep_20260626_163548_3b2fdff6_results.jsonl,C2.36,C2,1,success,default,4,2,8,2,100,0.05,x,fixed,0.5,0.5,,16,1.0,,,8,COUPLING_DESCENDING,-4.5,-4.5,True,True,0.0,2159.607632999723,0.08110336177970749,72,,,,,,
sweep_20260626_163548_3b2fdff6_results.jsonl,C2.37,C2,1,success,default,4,2,8,2,100,0.05,x,fixed,0.5,0.5,,16,0.62,,,8,COUPLING_DESCENDING,-2.9512,-2.9512,True,True,0.0,2283.5789109999496,0.08970037443064095,98,,,,,,
sweep_20260626_163548_3b2fdff6_results.jsonl,C2.38,C2,1,success,default,4,2,8,2,100,0.05,x,fixed,0.5,0.5,,16,1.24,,,8,COUPLING_DESCENDING,-5.4312000000000005,-5.4312000000000005,True,True,0.0,2259.2048449996582,0.08010532421542288,79,,,,,,
sweep_20260626_163548_3b2fdff6_results.jsonl,C2.39,C2,1,success,default,4,2,8,2,100,0.05,x,fixed,0.5,0.5,,16,0.54,,,8,COUPLING_DESCENDING,-2.6567999999999996,-2.6567999999999996,True,True,0.0,2219.786130999637,0.09009338020080833,100,,,,,,
sweep_20260626_163548_3b2fdff6_results.jsonl,C2.40,C2,1,success,default,4,2,8,2,100,0.05,x,fixed,0.5,0.5,,16,1.08,,,8,COUPLING_DESCENDING,-4.8168,-4.8168,True,True,0.0,2199.5414870002605,0.08135081111650802,73,,,,,,
sweep_20260626_163548_3b2fdff6_results.jsonl,D1.1,D1,1,success,default,2,2,4,2,100,0.05,xy,fixed,0.5,0.5,,32,5.0,,,6,COUPLING_DESCENDING,-10.5,-10.5,True,True,0.0,877.040106000095,0.25108786849916254,15,,,,,,
sweep_20260626_163548_3b2fdff6_results.jsonl,D1.1,D1,2,success,default,2,2,4,2,100,0.05,xy,fixed,0.5,0.5,,32,5.0,,,6,COUPLING_DESCENDING,-10.5,-10.5,True,True,0.0,896.7506789999788,0.25108786849916254,15,,,,,,
sweep_20260626_163548_3b2fdff6_results.jsonl,D1.1,D1,3,success,default,2,2,4,2,100,0.05,xy,fixed,0.5,0.5,,32,5.0,,,6,COUPLING_DESCENDING,-10.5,-10.5,True,True,0.0,929.8420820000501,0.25108786849916254,15,,,,,,
sweep_20260626_163548_3b2fdff6_results.jsonl,D1.1,D1,4,success,default,2,2,4,2,100,0.05,xy,fixed,0.5,0.5,,32,5.0,,,6,COUPLING_DESCENDING,-10.5,-10.5,True,True,0.0,860.2561939997031,0.25108786849916254,15,,,,,,
sweep_20260626_163548_3b2fdff6_results.jsonl,D1.1,D1,5,success,default,2,2,4,2,100,0.05,xy,fixed,0.5,0.5,,32,5.0,,,6,COUPLING_DESCENDING,-10.5,-10.5,True,True,0.0,916.7574309999509,0.25108786849916254,15,,,,,,
sweep_20260626_163548_3b2fdff6_results.jsonl,D1.2,D1,1,success,default,3,2,6,2,100,0.05,xy,fixed,0.5,0.5,,32,5.0,,,6,COUPLING_DESCENDING,-15.444444444444446,-15.444444444444446,True,True,0.0,1259.9530460001915,0.12559750288174026,15,,,,,,
sweep_20260626_163548_3b2fdff6_results.jsonl,D1.2,D1,2,success,default,3,2,6,2,100,0.05,xy,fixed,0.5,0.5,,32,5.0,,,6,COUPLING_DESCENDING,-15.444444444444446,-15.444444444444446,True,True,0.0,1247.2031960001004,0.12559750288174026,15,,,,,,
sweep_20260626_163548_3b2fdff6_results.jsonl,D1.2,D1,3,success,default,3,2,6,2,100,0.05,xy,fixed,0.5,0.5,,32,5.0,,,6,COUPLING_DESCENDING,-15.444444444444446,-15.444444444444446,True,True,0.0,1278.0194420001862,0.12559750288174026,15,,,,,,
sweep_20260626_163548_3b2fdff6_results.jsonl,D1.2,D1,4,success,default,3,2,6,2,100,0.05,xy,fixed,0.5,0.5,,32,5.0,,,6,COUPLING_DESCENDING,-15.444444444444446,-15.444444444444446,True,True,0.0,1319.59813200001,0.12559750288174026,15,,,,,,
sweep_20260626_163548_3b2fdff6_results.jsonl,D1.2,D1,5,success,default,3,2,6,2,100,0.05,xy,fixed,0.5,0.5,,32,5.0,,,6,COUPLING_DESCENDING,-15.444444444444446,-15.444444444444446,True,True,0.0,1293.26395399994,0.12559750288174026,15,,,,,,
sweep_20260626_163548_3b2fdff6_results.jsonl,D1.3,D1,1,success,iterative,4,2,8,2,100,0.05,xy,fixed,0.5,0.5,,32,5.0,,,6,COUPLING_DESCENDING,-20.5,-20.5,True,True,0.0,2392.846000999725,,,7,2,True,0.0,,
sweep_20260626_163548_3b2fdff6_results.jsonl,D1.3,D1,2,success,iterative,4,2,8,2,100,0.05,xy,fixed,0.5,0.5,,32,5.0,,,6,COUPLING_DESCENDING,-20.5,-20.5,True,True,0.0,2469.6184730000823,,,7,2,True,0.0,,
sweep_20260626_163548_3b2fdff6_results.jsonl,D1.3,D1,3,success,iterative,4,2,8,2,100,0.05,xy,fixed,0.5,0.5,,32,5.0,,,6,COUPLING_DESCENDING,-20.5,-20.5,True,True,0.0,2290.229917000488,,,7,2,True,0.0,,
sweep_20260626_163548_3b2fdff6_results.jsonl,D1.3,D1,4,success,iterative,4,2,8,2,100,0.05,xy,fixed,0.5,0.5,,32,5.0,,,6,COUPLING_DESCENDING,-20.5,-20.5,True,True,0.0,2374.668193999696,,,7,2,True,0.0,,
sweep_20260626_163548_3b2fdff6_results.jsonl,D1.3,D1,5,success,iterative,4,2,8,2,100,0.05,xy,fixed,0.5,0.5,,32,5.0,,,6,COUPLING_DESCENDING,-20.5,-20.5,True,True,0.0,2479.2839540004934,,,7,2,True,0.0,,
sweep_20260626_163548_3b2fdff6_results.jsonl,D1.4,D1,1,success,iterative,5,2,10,2,100,0.05,xy,fixed,0.5,0.5,,32,5.0,,,6,COUPLING_DESCENDING,-25.479999999999997,-25.480000000000004,True,True,0.0,2809.8971690001235,,,6,2,True,0.20000000000000007,,
sweep_20260626_163548_3b2fdff6_results.jsonl,D1.4,D1,2,success,iterative,5,2,10,2,100,0.05,xy,fixed,0.5,0.5,,32,5.0,,,6,COUPLING_DESCENDING,-25.479999999999997,-25.480000000000004,True,True,0.0,2825.7477679999283,,,6,2,True,0.20000000000000007,,
sweep_20260626_163548_3b2fdff6_results.jsonl,D1.4,D1,3,success,iterative,5,2,10,2,100,0.05,xy,fixed,0.5,0.5,,32,5.0,,,6,COUPLING_DESCENDING,-25.479999999999997,-25.480000000000004,True,True,0.0,2864.477131000058,,,6,2,True,0.20000000000000007,,
sweep_20260626_163548_3b2fdff6_results.jsonl,D1.4,D1,4,success,iterative,5,2,10,2,100,0.05,xy,fixed,0.5,0.5,,32,5.0,,,6,COUPLING_DESCENDING,-25.479999999999997,-25.480000000000004,True,True,0.0,2865.9940259994983,,,6,2,True,0.20000000000000007,,
sweep_20260626_163548_3b2fdff6_results.jsonl,D1.4,D1,5,success,iterative,5,2,10,2,100,0.05,xy,fixed,0.5,0.5,,32,5.0,,,6,COUPLING_DESCENDING,-25.479999999999997,-25.480000000000004,True,True,0.0,2979.3781539997326,,,6,2,True,0.20000000000000007,,
sweep_20260626_163548_3b2fdff6_results.jsonl,D1.5,D1,1,success,iterative,6,2,12,2,100,0.05,xy,fixed,0.5,0.5,,32,5.0,,,6,COUPLING_DESCENDING,-30.500000000000007,-30.500000000000007,True,True,0.0,3295.9187340002245,,,4,2,True,0.0,,
sweep_20260626_163548_3b2fdff6_results.jsonl,D1.5,D1,2,success,iterative,6,2,12,2,100,0.05,xy,fixed,0.5,0.5,,32,5.0,,,6,COUPLING_DESCENDING,-30.500000000000007,-30.500000000000007,True,True,0.0,3277.1765859997686,,,4,2,True,0.0,,
sweep_20260626_163548_3b2fdff6_results.jsonl,D1.5,D1,3,success,iterative,6,2,12,2,100,0.05,xy,fixed,0.5,0.5,,32,5.0,,,6,COUPLING_DESCENDING,-30.500000000000007,-30.500000000000007,True,True,0.0,3258.9587770003163,,,4,2,True,0.0,,
sweep_20260626_163548_3b2fdff6_results.jsonl,D1.5,D1,4,success,iterative,6,2,12,2,100,0.05,xy,fixed,0.5,0.5,,32,5.0,,,6,COUPLING_DESCENDING,-30.500000000000007,-30.500000000000007,True,True,0.0,3238.7524140003734,,,4,2,True,0.0,,
sweep_20260626_163548_3b2fdff6_results.jsonl,D1.5,D1,5,success,iterative,6,2,12,2,100,0.05,xy,fixed,0.5,0.5,,32,5.0,,,6,COUPLING_DESCENDING,-30.500000000000007,-30.500000000000007,True,True,0.0,3324.3337130002146,,,4,2,True,0.0,,
sweep_20260626_163548_3b2fdff6_results.jsonl,D1.6,D1,1,success,iterative,8,2,16,2,100,0.05,xy,fixed,0.5,0.5,,32,5.0,,,6,COUPLING_DESCENDING,-40.5,-40.5,True,True,0.0,4304.230980999819,,,4,3,True,0.0,,
sweep_20260626_163548_3b2fdff6_results.jsonl,D1.6,D1,2,success,iterative,8,2,16,2,100,0.05,xy,fixed,0.5,0.5,,32,5.0,,,6,COUPLING_DESCENDING,-40.5,-40.5,True,True,0.0,4146.649282999988,,,4,3,True,0.0,,
sweep_20260626_163548_3b2fdff6_results.jsonl,D1.6,D1,3,success,iterative,8,2,16,2,100,0.05,xy,fixed,0.5,0.5,,32,5.0,,,6,COUPLING_DESCENDING,-40.5,-40.5,True,True,0.0,4179.508546999841,,,4,3,True,0.0,,
sweep_20260626_163548_3b2fdff6_results.jsonl,D1.6,D1,4,success,iterative,8,2,16,2,100,0.05,xy,fixed,0.5,0.5,,32,5.0,,,6,COUPLING_DESCENDING,-40.5,-40.5,True,True,0.0,4206.6354529997625,,,4,3,True,0.0,,
sweep_20260626_163548_3b2fdff6_results.jsonl,D1.6,D1,5,success,iterative,8,2,16,2,100,0.05,xy,fixed,0.5,0.5,,32,5.0,,,6,COUPLING_DESCENDING,-40.5,-40.5,True,True,0.0,4177.305818999685,,,4,3,True,0.0,,
sweep_20260626_163548_3b2fdff6_results.jsonl,D1.7,D1,1,success,iterative,10,2,20,2,100,0.05,xy,fixed,0.5,0.5,,32,5.0,,,6,COUPLING_DESCENDING,-50.5,-50.5,True,True,0.0,5843.575565000265,,,6,4,True,0.0,,
sweep_20260626_163548_3b2fdff6_results.jsonl,D1.7,D1,2,success,iterative,10,2,20,2,100,0.05,xy,fixed,0.5,0.5,,32,5.0,,,6,COUPLING_DESCENDING,-50.5,-50.5,True,True,0.0,5716.072131000601,,,6,4,True,0.0,,
sweep_20260626_163548_3b2fdff6_results.jsonl,D1.7,D1,3,success,iterative,10,2,20,2,100,0.05,xy,fixed,0.5,0.5,,32,5.0,,,6,COUPLING_DESCENDING,-50.5,-50.5,True,True,0.0,5841.169397999693,,,6,4,True,0.0,,
sweep_20260626_163548_3b2fdff6_results.jsonl,D1.7,D1,4,success,iterative,10,2,20,2,100,0.05,xy,fixed,0.5,0.5,,32,5.0,,,6,COUPLING_DESCENDING,-50.5,-50.5,True,True,0.0,5699.206370000411,,,6,4,True,0.0,,
sweep_20260626_163548_3b2fdff6_results.jsonl,D1.7,D1,5,success,iterative,10,2,20,2,100,0.05,xy,fixed,0.5,0.5,,32,5.0,,,6,COUPLING_DESCENDING,-50.5,-50.5,True,True,0.0,5679.245914999228,,,6,4,True,0.0,,
sweep_20260626_163548_3b2fdff6_results.jsonl,D3.1,D3,1,success,iterative,6,2,12,2,100,0.05,xy,fixed,0.5,0.5,,20,5.0,,,6,COUPLING_DESCENDING,-31.125,-31.125,True,True,0.0,3398.4555920001185,,,15,2,True,2.220446049250313e-16,,
sweep_20260626_163548_3b2fdff6_results.jsonl,D3.1,D3,2,success,iterative,6,2,12,2,100,0.05,xy,fixed,0.5,0.5,,20,5.0,,,6,COUPLING_DESCENDING,-31.125,-31.125,True,True,0.0,3356.490675000259,,,15,2,True,2.220446049250313e-16,,
sweep_20260626_163548_3b2fdff6_results.jsonl,D3.1,D3,3,success,iterative,6,2,12,2,100,0.05,xy,fixed,0.5,0.5,,20,5.0,,,6,COUPLING_DESCENDING,-31.125,-31.125,True,True,0.0,3263.851421000254,,,15,2,True,2.220446049250313e-16,,
sweep_20260626_163548_3b2fdff6_results.jsonl,D3.1,D3,4,success,iterative,6,2,12,2,100,0.05,xy,fixed,0.5,0.5,,20,5.0,,,6,COUPLING_DESCENDING,-31.125,-31.125,True,True,0.0,3333.6244500001158,,,15,2,True,2.220446049250313e-16,,
sweep_20260626_163548_3b2fdff6_results.jsonl,D3.1,D3,5,success,iterative,6,2,12,2,100,0.05,xy,fixed,0.5,0.5,,20,5.0,,,6,COUPLING_DESCENDING,-31.125,-31.125,True,True,0.0,3254.1449480004303,,,15,2,True,2.220446049250313e-16,,
sweep_20260626_163548_3b2fdff6_results.jsonl,D3.2,D3,1,success,default,6,2,12,2,100,0.05,xy,fixed,0.5,0.5,,20,5.0,,,12,COUPLING_DESCENDING,-31.125,-31.125,True,True,0.0,3631.4173159998973,0.015636453043179722,15,,,,,,
sweep_20260626_163548_3b2fdff6_results.jsonl,D3.2,D3,2,success,default,6,2,12,2,100,0.05,xy,fixed,0.5,0.5,,20,5.0,,,12,COUPLING_DESCENDING,-31.125,-31.125,True,True,0.0,3712.9796029998943,0.015636453043179722,15,,,,,,
sweep_20260626_163548_3b2fdff6_results.jsonl,D3.2,D3,3,success,default,6,2,12,2,100,0.05,xy,fixed,0.5,0.5,,20,5.0,,,12,COUPLING_DESCENDING,-31.125,-31.125,True,True,0.0,3591.9347359999847,0.015636453043179722,15,,,,,,
sweep_20260626_163548_3b2fdff6_results.jsonl,D3.2,D3,4,success,default,6,2,12,2,100,0.05,xy,fixed,0.5,0.5,,20,5.0,,,12,COUPLING_DESCENDING,-31.125,-31.125,True,True,0.0,3482.92322899988,0.015636453043179722,15,,,,,,
sweep_20260626_163548_3b2fdff6_results.jsonl,D3.2,D3,5,success,default,6,2,12,2,100,0.05,xy,fixed,0.5,0.5,,20,5.0,,,12,COUPLING_DESCENDING,-31.125,-31.125,True,True,0.0,3489.4725899998775,0.015636453043179722,15,,,,,,
sweep_20260626_163548_3b2fdff6_results.jsonl,D4.1,D4,1,success,iterative,8,2,16,2,100,0.05,xy,fixed,0.5,0.5,,32,5.0,,,6,WEIGHT_DESCENDING,-40.9248,-40.924800000000005,True,True,0.0,4442.43106499971,,,9,3,True,1.1102230246251565e-16,,
sweep_20260626_163548_3b2fdff6_results.jsonl,D4.1,D4,2,success,iterative,8,2,16,2,100,0.05,xy,fixed,0.5,0.5,,32,5.0,,,6,WEIGHT_DESCENDING,-40.9248,-40.924800000000005,True,True,0.0,4382.324928000344,,,9,3,True,1.1102230246251565e-16,,
sweep_20260626_163548_3b2fdff6_results.jsonl,D4.1,D4,3,success,iterative,8,2,16,2,100,0.05,xy,fixed,0.5,0.5,,32,5.0,,,6,WEIGHT_DESCENDING,-40.9248,-40.924800000000005,True,True,0.0,4580.011535000267,,,9,3,True,1.1102230246251565e-16,,
sweep_20260626_163548_3b2fdff6_results.jsonl,D4.1,D4,4,success,iterative,8,2,16,2,100,0.05,xy,fixed,0.5,0.5,,32,5.0,,,6,WEIGHT_DESCENDING,-40.9248,-40.924800000000005,True,True,0.0,4491.867966999962,,,9,3,True,1.1102230246251565e-16,,
sweep_20260626_163548_3b2fdff6_results.jsonl,D4.1,D4,5,success,iterative,8,2,16,2,100,0.05,xy,fixed,0.5,0.5,,32,5.0,,,6,WEIGHT_DESCENDING,-40.9248,-40.924800000000005,True,True,0.0,4578.137239000171,,,9,3,True,1.1102230246251565e-16,,
sweep_20260626_163548_3b2fdff6_results.jsonl,D4.2,D4,1,success,iterative,8,2,16,2,100,0.05,xy,fixed,0.5,0.5,,32,5.0,,,6,COUPLING_DESCENDING,-40.9248,-40.924800000000005,True,True,0.0,4469.6726930001205,,,9,3,True,1.1102230246251565e-16,,
sweep_20260626_163548_3b2fdff6_results.jsonl,D4.2,D4,2,success,iterative,8,2,16,2,100,0.05,xy,fixed,0.5,0.5,,32,5.0,,,6,COUPLING_DESCENDING,-40.9248,-40.924800000000005,True,True,0.0,4420.5976630000805,,,9,3,True,1.1102230246251565e-16,,
sweep_20260626_163548_3b2fdff6_results.jsonl,D4.2,D4,3,success,iterative,8,2,16,2,100,0.05,xy,fixed,0.5,0.5,,32,5.0,,,6,COUPLING_DESCENDING,-40.9248,-40.924800000000005,True,True,0.0,4526.515089999975,,,9,3,True,1.1102230246251565e-16,,
sweep_20260626_163548_3b2fdff6_results.jsonl,D4.2,D4,4,success,iterative,8,2,16,2,100,0.05,xy,fixed,0.5,0.5,,32,5.0,,,6,COUPLING_DESCENDING,-40.9248,-40.924800000000005,True,True,0.0,4549.155244999838,,,9,3,True,1.1102230246251565e-16,,
sweep_20260626_163548_3b2fdff6_results.jsonl,D4.2,D4,5,success,iterative,8,2,16,2,100,0.05,xy,fixed,0.5,0.5,,32,5.0,,,6,COUPLING_DESCENDING,-40.9248,-40.924800000000005,True,True,0.0,4467.8288480004085,,,9,3,True,1.1102230246251565e-16,,
sweep_20260626_163548_3b2fdff6_results.jsonl,D6.1,D6,1,success,iterative,8,2,16,2,100,0.05,xy,fixed,0.5,0.5,,1,5.0,,,6,COUPLING_DESCENDING,-40.9006,-40.924800000000005,True,False,0.0005913284854173253,4407.810580999467,,,9,3,True,0.22000000000000008,,
sweep_20260626_163548_3b2fdff6_results.jsonl,D6.1,D6,2,success,iterative,8,2,16,2,100,0.05,xy,fixed,0.5,0.5,,1,5.0,,,6,COUPLING_DESCENDING,-40.9006,-40.924800000000005,True,False,0.0005913284854173253,4591.2076329996125,,,9,3,True,0.22000000000000008,,
sweep_20260626_163548_3b2fdff6_results.jsonl,D6.1,D6,3,success,iterative,8,2,16,2,100,0.05,xy,fixed,0.5,0.5,,1,5.0,,,6,COUPLING_DESCENDING,-40.9006,-40.924800000000005,True,False,0.0005913284854173253,4586.327666000216,,,9,3,True,0.22000000000000008,,
sweep_20260626_163548_3b2fdff6_results.jsonl,D6.1,D6,4,success,iterative,8,2,16,2,100,0.05,xy,fixed,0.5,0.5,,1,5.0,,,6,COUPLING_DESCENDING,-40.9006,-40.924800000000005,True,False,0.0005913284854173253,4498.930519000169,,,9,3,True,0.22000000000000008,,
sweep_20260626_163548_3b2fdff6_results.jsonl,D6.1,D6,5,success,iterative,8,2,16,2,100,0.05,xy,fixed,0.5,0.5,,1,5.0,,,6,COUPLING_DESCENDING,-40.9006,-40.924800000000005,True,False,0.0005913284854173253,4489.704230999905,,,9,3,True,0.22000000000000008,,
sweep_20260626_163548_3b2fdff6_results.jsonl,D6.2,D6,1,success,iterative,8,2,16,2,100,0.05,xy,fixed,0.5,0.5,,3,5.0,,,6,COUPLING_DESCENDING,-40.924800000000005,-40.924800000000005,True,True,0.0,4402.1405030002825,,,9,3,True,1.1102230246251565e-16,,
sweep_20260626_163548_3b2fdff6_results.jsonl,D6.2,D6,2,success,iterative,8,2,16,2,100,0.05,xy,fixed,0.5,0.5,,3,5.0,,,6,COUPLING_DESCENDING,-40.924800000000005,-40.924800000000005,True,True,0.0,4630.029410000134,,,9,3,True,1.1102230246251565e-16,,
sweep_20260626_163548_3b2fdff6_results.jsonl,D6.2,D6,3,success,iterative,8,2,16,2,100,0.05,xy,fixed,0.5,0.5,,3,5.0,,,6,COUPLING_DESCENDING,-40.924800000000005,-40.924800000000005,True,True,0.0,4563.534041999901,,,9,3,True,1.1102230246251565e-16,,
sweep_20260626_163548_3b2fdff6_results.jsonl,D6.2,D6,4,success,iterative,8,2,16,2,100,0.05,xy,fixed,0.5,0.5,,3,5.0,,,6,COUPLING_DESCENDING,-40.924800000000005,-40.924800000000005,True,True,0.0,4487.5430730003245,,,9,3,True,1.1102230246251565e-16,,
sweep_20260626_163548_3b2fdff6_results.jsonl,D6.2,D6,5,success,iterative,8,2,16,2,100,0.05,xy,fixed,0.5,0.5,,3,5.0,,,6,COUPLING_DESCENDING,-40.924800000000005,-40.924800000000005,True,True,0.0,4624.668682000447,,,9,3,True,1.1102230246251565e-16,,
sweep_20260626_163548_3b2fdff6_results.jsonl,D6.3,D6,1,success,iterative,8,2,16,2,100,0.05,xy,fixed,0.5,0.5,,5,5.0,,,6,COUPLING_DESCENDING,-40.9248,-40.924800000000005,True,True,0.0,4224.618459999874,,,9,3,True,1.1102230246251565e-16,,
sweep_20260626_163548_3b2fdff6_results.jsonl,D6.3,D6,2,success,iterative,8,2,16,2,100,0.05,xy,fixed,0.5,0.5,,5,5.0,,,6,COUPLING_DESCENDING,-40.9248,-40.924800000000005,True,True,0.0,4182.595972999934,,,9,3,True,1.1102230246251565e-16,,
sweep_20260626_163548_3b2fdff6_results.jsonl,D6.3,D6,3,success,iterative,8,2,16,2,100,0.05,xy,fixed,0.5,0.5,,5,5.0,,,6,COUPLING_DESCENDING,-40.9248,-40.924800000000005,True,True,0.0,4205.36650799977,,,9,3,True,1.1102230246251565e-16,,
sweep_20260626_163548_3b2fdff6_results.jsonl,D6.3,D6,4,success,iterative,8,2,16,2,100,0.05,xy,fixed,0.5,0.5,,5,5.0,,,6,COUPLING_DESCENDING,-40.9248,-40.924800000000005,True,True,0.0,4122.770246999153,,,9,3,True,1.1102230246251565e-16,,
sweep_20260626_163548_3b2fdff6_results.jsonl,D6.3,D6,5,success,iterative,8,2,16,2,100,0.05,xy,fixed,0.5,0.5,,5,5.0,,,6,COUPLING_DESCENDING,-40.9248,-40.924800000000005,True,True,0.0,4182.859834000283,,,9,3,True,1.1102230246251565e-16,,
sweep_20260626_163548_3b2fdff6_results.jsonl,D6.4,D6,1,success,iterative,8,2,16,2,100,0.05,xy,fixed,0.5,0.5,,10,5.0,,,6,COUPLING_DESCENDING,-40.9248,-40.924800000000005,True,True,0.0,4114.670750999721,,,9,3,True,1.1102230246251565e-16,,
sweep_20260626_163548_3b2fdff6_results.jsonl,D6.4,D6,2,success,iterative,8,2,16,2,100,0.05,xy,fixed,0.5,0.5,,10,5.0,,,6,COUPLING_DESCENDING,-40.9248,-40.924800000000005,True,True,0.0,4125.601125999765,,,9,3,True,1.1102230246251565e-16,,
sweep_20260626_163548_3b2fdff6_results.jsonl,D6.4,D6,3,success,iterative,8,2,16,2,100,0.05,xy,fixed,0.5,0.5,,10,5.0,,,6,COUPLING_DESCENDING,-40.9248,-40.924800000000005,True,True,0.0,4184.520060000523,,,9,3,True,1.1102230246251565e-16,,
sweep_20260626_163548_3b2fdff6_results.jsonl,D6.4,D6,4,success,iterative,8,2,16,2,100,0.05,xy,fixed,0.5,0.5,,10,5.0,,,6,COUPLING_DESCENDING,-40.9248,-40.924800000000005,True,True,0.0,4088.2326740006647,,,9,3,True,1.1102230246251565e-16,,
sweep_20260626_163548_3b2fdff6_results.jsonl,D6.4,D6,5,success,iterative,8,2,16,2,100,0.05,xy,fixed,0.5,0.5,,10,5.0,,,6,COUPLING_DESCENDING,-40.9248,-40.924800000000005,True,True,0.0,4118.884782999885,,,9,3,True,1.1102230246251565e-16,,
run_20260627_142003_9cb1a45d_results.jsonl,T5.1,T5,1,success,iterative,13,2,26,1,50,0.05,xy,,0.5,0.5,,10,5.0,,,8,COUPLING_DESCENDING,-65.00098855555555,,True,,,2554.658132999748,,,1,4,True,0.0032500000000000064,-65.00098855555555,0.0
